Date,Month,Year,Days,PM2.5,PM10,NO2,SO2,CO,Ozone,AQI,Holiday
1,1,2021,5,72.06,442.42,30.49,12.95,0.85,43.19,462,No Holiday
2,1,2021,6,72.06,199.8,52.85,5.18,0.85,16.43,482,No Holiday
3,1,2021,7,72.06,239.04,30.49,10.93,1.4,44.29,263,Holiday
4,1,2021,1,89.55,132.08,30.49,10.42,1.01,49.19,207,No Holiday
5,1,2021,2,54.06,55.54,30.49,9.7,0.64,48.88,149,No Holiday
6,1,2021,3,155.59,180.14,30.49,10.29,1.18,44.47,252,No Holiday
7,1,2021,4,118.39,131.18,30.49,9.81,0.73,48.6,288,No Holiday
8,1,2021,5,140.05,184.29,30.49,10.34,0.79,43.06,248,No Holiday
9,1,2021,6,144.01,192.43,30.49,10.41,0.85,42.23,326,No Holiday
10,1,2021,7,131.57,180.38,30.49,9.92,0.69,51.96,284,Holiday
11,1,2021,1,135.92,208.99,30.49,10.49,0.75,55.06,281,No Holiday
12,1,2021,2,172.48,220.74,30.49,10.21,0.91,41.69,329,No Holiday
13,1,2021,3,72.06,330.04,30.49,7.27,1.22,31.49,378,No Holiday
14,1,2021,4,72.06,417.42,30.49,8.49,0.85,32.11,422,No Holiday
15,1,2021,5,72.06,517.76,30.49,10.11,0.85,25.81,456,No Holiday
16,1,2021,6,72.06,230.76,30.49,7.39,1.65,27.53,388,No Holiday
17,1,2021,7,72.06,249.23,30.49,9.56,1.4,36.8,342,Holiday
18,1,2021,1,72.06,318.1,30.49,14.92,1.32,28.17,401,No Holiday
19,1,2021,2,72.06,299.28,30.49,12.98,1.69,23.02,400,No Holiday
20,1,2021,3,159.91,193.78,30.49,7.45,0.88,31.96,322,No Holiday
21,1,2021,4,182.39,243.84,30.49,5.6,1.5,33.7,328,No Holiday
22,1,2021,5,72.06,358.0,30.49,4.4,0.85,26.88,412,No Holiday
23,1,2021,6,170.36,213.65,30.49,4.06,0.75,34.18,362,No Holiday
24,1,2021,7,72.06,287.86,30.49,3.05,0.81,27.77,370,Holiday
25,1,2021,1,72.06,311.67,17.33,6.28,1.25,25.82,345,No Holiday
26,1,2021,2,72.06,344.53,21.93,9.03,1.34,26.24,369,Holiday
27,1,2021,3,72.06,397.43,34.5,7.94,1.23,24.33,371,No Holiday
28,1,2021,4,72.06,496.55,40.31,9.89,0.85,26.13,373,No Holiday
29,1,2021,5,72.06,396.57,30.49,4.94,0.85,21.55,440,No Holiday
30,1,2021,6,72.06,306.17,30.49,4.76,1.46,30.8,363,No Holiday
31,1,2021,7,72.06,323.33,30.49,4.43,0.85,26.95,368,Holiday
1,2,2021,1,72.06,398.91,30.49,4.76,0.85,30.4,400,No Holiday
2,2,2021,2,72.06,416.62,30.49,6.06,0.85,24.16,408,No Holiday
3,2,2021,3,72.06,299.0,30.49,3.83,0.85,28.02,367,No Holiday
4,2,2021,4,134.66,170.25,30.49,3.13,1.04,36.53,352,No Holiday
5,2,2021,5,68.49,116.65,30.49,3.82,0.72,30.54,142,No Holiday
6,2,2021,6,131.68,182.92,30.49,5.08,0.85,34.79,261,No Holiday
7,2,2021,7,180.68,241.07,30.49,5.47,1.18,34.4,279,Holiday
8,2,2021,1,72.06,369.18,30.49,4.32,1.73,30.28,375,No Holiday
9,2,2021,2,72.06,332.06,30.49,4.89,0.85,27.91,385,No Holiday
10,2,2021,3,72.06,373.71,30.49,5.43,0.85,27.67,359,No Holiday
11,2,2021,4,72.06,317.99,30.49,4.6,1.72,24.75,370,No Holiday
12,2,2021,5,72.06,352.71,30.49,3.8,0.85,30.18,310,No Holiday
13,2,2021,6,165.42,213.89,30.49,4.35,0.85,21.25,319,No Holiday
14,2,2021,7,72.06,286.26,30.49,4.7,0.85,28.86,371,Holiday
15,2,2021,1,174.53,292.2,30.49,3.85,0.85,18.42,335,No Holiday
16,2,2021,2,182.05,278.41,30.49,3.87,0.85,25.66,344,No Holiday
17,2,2021,3,72.06,333.83,30.49,4.54,0.85,23.61,367,No Holiday
18,2,2021,4,167.49,249.49,30.49,4.55,1.7,24.92,335,No Holiday
19,2,2021,5,72.06,276.56,30.49,4.89,0.85,17.37,340,No Holiday
20,2,2021,6,127.6,208.49,30.49,4.04,0.85,21.84,293,No Holiday
21,2,2021,7,72.06,300.97,30.49,3.43,0.85,36.61,356,Holiday
22,2,2021,1,72.06,334.88,30.49,3.83,0.85,34.37,352,No Holiday
23,2,2021,2,72.06,367.24,30.49,6.75,0.85,29.32,339,No Holiday
24,2,2021,3,72.06,420.65,30.49,6.47,0.85,27.42,350,No Holiday
25,2,2021,4,72.06,352.73,30.49,4.2,0.85,27.52,337,No Holiday
26,2,2021,5,164.34,297.78,30.49,3.68,0.85,23.51,295,No Holiday
27,2,2021,6,81.79,268.51,36.22,3.64,1.16,33.52,225,No Holiday
28,2,2021,7,98.08,239.96,35.06,5.51,0.75,50.07,235,Holiday
1,3,2021,1,97.62,247.38,32.72,5.71,0.72,43.21,187,No Holiday
2,3,2021,2,100.87,272.73,27.87,8.86,0.53,58.17,227,No Holiday
3,3,2021,3,131.63,264.11,36.28,10.91,1.0,37.3,259,No Holiday
4,3,2021,4,157.94,343.04,40.72,7.16,0.85,41.65,276,No Holiday
5,3,2021,5,139.43,309.98,34.06,4.88,1.05,43.07,290,No Holiday
6,3,2021,6,121.86,257.23,32.67,6.38,0.87,42.58,257,No Holiday
7,3,2021,7,154.41,300.45,38.21,7.92,0.85,50.3,270,Holiday
8,3,2021,1,110.05,233.19,43.89,4.32,1.46,42.61,227,No Holiday
9,3,2021,2,157.38,323.11,38.29,3.27,1.52,32.2,297,No Holiday
10,3,2021,3,91.85,192.7,39.4,3.58,0.74,26.03,205,No Holiday
11,3,2021,4,121.57,233.44,56.27,4.22,1.7,31.05,262,Holiday
12,3,2021,5,85.57,207.14,50.96,4.43,1.16,25.73,203,No Holiday
13,3,2021,6,138.97,245.6,42.87,4.24,1.23,26.71,236,No Holiday
14,3,2021,7,132.36,253.72,39.84,4.11,0.74,30.27,251,Holiday
15,3,2021,1,126.93,265.71,40.58,3.79,0.86,28.14,219,No Holiday
16,3,2021,2,146.41,391.08,39.3,3.5,0.86,20.61,277,No Holiday
17,3,2021,3,138.5,358.46,40.96,4.95,0.78,20.82,352,No Holiday
18,3,2021,4,152.31,380.31,41.81,4.93,1.03,20.78,313,No Holiday
19,3,2021,5,114.38,311.33,42.18,4.77,0.76,27.42,298,No Holiday
20,3,2021,6,145.03,284.59,54.15,5.57,1.04,17.7,264,No Holiday
21,3,2021,7,72.06,404.45,16.67,17.52,0.92,24.98,316,Holiday
22,3,2021,1,85.87,328.0,13.09,8.61,0.73,18.14,283,No Holiday
23,3,2021,2,75.4,281.04,30.49,6.32,0.85,17.33,232,No Holiday
24,3,2021,3,90.99,181.2,69.97,6.43,0.88,37.66,177,No Holiday
25,3,2021,4,83.85,208.21,8.58,8.25,0.53,19.28,194,No Holiday
26,3,2021,5,110.6,228.02,12.28,14.86,0.7,22.46,221,No Holiday
27,3,2021,6,166.83,307.27,13.77,23.44,0.85,27.62,268,No Holiday
28,3,2021,7,181.38,336.8,15.77,19.59,0.85,29.59,268,Holiday
29,3,2021,1,111.31,356.5,66.61,7.14,1.56,37.62,215,Holiday
30,3,2021,2,71.45,378.18,4.43,8.69,0.57,40.79,248,No Holiday
31,3,2021,3,67.01,293.43,40.76,16.02,0.49,58.43,152,No Holiday
1,4,2021,4,62.95,278.87,40.55,28.06,0.88,62.68,231,No Holiday
2,4,2021,5,85.17,218.59,58.47,31.37,1.23,45.1,197,Holiday
3,4,2021,6,69.14,189.48,69.28,17.71,1.4,43.44,159,No Holiday
4,4,2021,7,94.37,250.37,78.08,28.72,1.66,35.48,198,Holiday
5,4,2021,1,76.91,230.03,30.49,20.31,0.85,54.96,188,No Holiday
6,4,2021,2,172.48,455.72,18.73,17.63,1.18,47.63,377,No Holiday
7,4,2021,3,78.51,293.92,9.0,9.48,0.57,39.89,304,No Holiday
8,4,2021,4,72.39,179.66,54.12,9.76,1.4,50.08,152,No Holiday
9,4,2021,5,62.75,170.91,55.34,15.53,1.36,55.41,157,No Holiday
10,4,2021,6,89.09,241.68,67.94,25.88,1.65,41.17,189,No Holiday
11,4,2021,7,83.4,223.02,64.4,20.13,1.65,42.99,181,Holiday
12,4,2021,1,116.89,295.56,30.49,22.39,0.85,39.73,226,No Holiday
13,4,2021,2,119.0,314.03,74.66,26.81,0.85,39.16,279,No Holiday
14,4,2021,3,73.31,234.69,56.01,18.07,1.41,42.58,214,Holiday
15,4,2021,4,97.54,286.71,60.28,22.82,1.58,42.53,235,No Holiday
16,4,2021,5,132.11,323.16,71.69,19.4,1.69,43.17,232,No Holiday
17,4,2021,6,51.27,130.61,42.83,2.59,1.23,27.52,142,No Holiday
18,4,2021,7,87.02,197.75,49.58,6.28,1.57,35.45,161,Holiday
19,4,2021,1,99.27,260.87,54.65,9.73,1.51,38.11,212,No Holiday
20,4,2021,2,70.73,204.81,45.32,17.39,1.3,58.95,178,No Holiday
21,4,2021,3,56.54,128.35,31.87,4.41,1.2,44.01,132,No Holiday
22,4,2021,4,53.53,129.73,40.15,5.22,1.38,62.0,152,No Holiday
23,4,2021,5,43.49,106.79,40.0,4.76,1.29,57.59,112,No Holiday
24,4,2021,6,57.98,117.01,41.59,6.82,1.29,56.1,96,No Holiday
25,4,2021,7,104.76,189.19,48.65,16.52,1.69,60.4,217,Holiday
26,4,2021,1,72.06,341.63,73.25,34.42,0.85,51.0,288,No Holiday
27,4,2021,2,72.06,365.74,77.02,23.55,0.85,51.18,295,No Holiday
28,4,2021,3,72.06,432.09,30.49,28.81,0.85,43.01,321,No Holiday
29,4,2021,4,72.06,406.98,58.3,25.24,0.85,60.72,303,No Holiday
30,4,2021,5,72.06,445.59,11.65,23.63,0.77,35.28,346,No Holiday
1,5,2021,6,75.01,238.18,46.08,10.7,1.34,32.47,214,No Holiday
2,5,2021,7,83.06,226.18,47.95,11.67,0.69,41.76,193,Holiday
3,5,2021,1,105.77,294.37,39.74,11.49,0.72,27.37,258,No Holiday
4,5,2021,2,79.05,188.93,41.41,9.68,0.63,22.98,163,No Holiday
5,5,2021,3,69.61,170.36,38.87,5.29,0.86,59.57,151,No Holiday
6,5,2021,4,54.81,163.54,36.33,4.5,0.62,47.71,128,No Holiday
7,5,2021,5,52.47,100.82,42.37,4.33,0.59,42.39,110,No Holiday
8,5,2021,6,99.07,257.6,56.43,4.48,0.88,37.87,167,No Holiday
9,5,2021,7,59.8,135.69,42.85,4.63,0.68,53.07,195,Holiday
10,5,2021,1,51.08,94.49,58.1,4.82,0.81,45.97,88,No Holiday
11,5,2021,2,57.75,120.48,44.78,5.09,0.46,56.12,111,No Holiday
12,5,2021,3,43.88,141.98,40.29,5.94,0.44,45.14,114,No Holiday
13,5,2021,4,46.61,83.62,35.88,5.15,0.61,54.08,105,No Holiday
14,5,2021,5,61.6,120.48,41.78,5.21,0.75,52.06,130,Holiday
15,5,2021,6,48.99,159.97,41.5,5.51,0.48,38.87,128,No Holiday
16,5,2021,7,69.96,131.21,51.09,6.72,0.91,50.72,177,Holiday
17,5,2021,1,99.12,211.16,77.57,6.99,1.5,19.69,203,No Holiday
18,5,2021,2,30.87,64.67,39.29,5.45,0.44,32.34,92,No Holiday
19,5,2021,3,38.92,42.26,29.65,5.05,0.48,41.58,72,No Holiday
20,5,2021,4,58.5,43.06,27.87,5.22,0.41,43.84,48,No Holiday
21,5,2021,5,41.1,79.41,48.59,5.34,0.6,52.13,59,No Holiday
22,5,2021,6,41.11,61.27,37.99,5.52,0.62,52.32,70,No Holiday
23,5,2021,7,157.53,474.62,35.79,5.42,0.41,44.67,297,Holiday
24,5,2021,1,61.78,137.99,34.39,5.75,0.35,56.43,134,No Holiday
25,5,2021,2,51.73,124.95,42.21,6.34,0.36,65.92,122,No Holiday
26,5,2021,3,65.16,149.77,50.38,6.57,0.67,49.01,137,Holiday
27,5,2021,4,66.99,154.61,64.92,5.8,1.12,41.62,140,No Holiday
28,5,2021,5,36.43,85.77,37.42,4.95,0.74,61.64,95,No Holiday
29,5,2021,6,27.2,80.39,30.89,5.49,0.54,55.57,76,No Holiday
30,5,2021,7,28.44,138.19,32.34,5.37,0.53,53.79,102,Holiday
31,5,2021,1,44.64,125.09,64.13,5.12,0.93,24.98,113,No Holiday
1,6,2021,2,44.7,108.78,30.79,5.15,0.5,66.73,107,No Holiday
2,6,2021,3,61.13,124.94,39.91,5.03,0.77,28.9,132,No Holiday
3,6,2021,4,75.96,144.07,39.25,5.17,0.85,66.52,118,No Holiday
4,6,2021,5,96.17,183.07,43.35,5.0,1.0,68.98,216,No Holiday
5,6,2021,6,47.42,139.41,49.1,6.32,0.66,39.25,104,No Holiday
6,6,2021,7,56.79,205.74,41.7,7.0,0.59,25.73,181,Holiday
7,6,2021,1,73.07,192.02,49.94,7.69,0.88,30.31,158,No Holiday
8,6,2021,2,96.43,384.33,47.65,7.84,0.8,15.49,194,No Holiday
9,6,2021,3,75.25,350.71,42.75,6.91,0.55,23.66,348,No Holiday
10,6,2021,4,62.83,219.08,41.92,7.56,0.9,38.08,218,No Holiday
11,6,2021,5,50.98,134.62,52.56,7.44,0.64,48.9,127,No Holiday
12,6,2021,6,37.69,95.55,30.49,9.98,0.66,27.65,114,No Holiday
13,6,2021,7,38.56,73.37,69.08,8.53,0.65,29.04,97,Holiday
14,6,2021,1,44.43,100.54,66.48,8.66,0.71,34.16,88,No Holiday
15,6,2021,2,36.99,119.58,65.44,9.02,0.51,29.73,97,No Holiday
16,6,2021,3,41.19,92.69,51.18,8.11,0.78,39.87,123,No Holiday
17,6,2021,4,49.51,84.06,43.13,7.09,0.95,48.44,85,No Holiday
18,6,2021,5,35.59,58.46,43.56,7.31,0.63,50.58,70,No Holiday
19,6,2021,6,37.02,58.77,48.51,7.89,0.52,27.99,63,No Holiday
20,6,2021,7,27.82,34.46,44.46,8.03,0.42,30.84,54,Holiday
21,6,2021,1,31.18,67.07,44.71,7.21,0.74,44.43,55,No Holiday
22,6,2021,2,51.51,159.71,38.19,8.02,0.67,38.95,108,No Holiday
23,6,2021,3,95.84,285.92,50.92,8.78,0.8,33.85,236,No Holiday
24,6,2021,4,56.41,152.56,42.0,8.26,0.84,55.86,129,No Holiday
25,6,2021,5,65.38,226.41,41.52,8.51,0.61,39.63,182,No Holiday
26,6,2021,6,46.95,158.6,48.7,10.45,0.84,26.44,138,No Holiday
27,6,2021,7,72.04,166.74,47.39,9.44,1.02,54.78,150,Holiday
28,6,2021,1,63.33,149.28,41.92,9.49,0.89,54.9,136,No Holiday
29,6,2021,2,77.96,237.98,47.58,9.92,0.92,40.47,196,No Holiday
30,6,2021,3,87.86,415.77,44.54,7.87,0.56,21.44,215,No Holiday
1,7,2021,4,56.77,289.39,34.89,7.66,0.47,21.55,302,No Holiday
2,7,2021,5,64.92,291.96,35.87,7.4,0.62,31.75,280,No Holiday
3,7,2021,6,39.55,136.24,36.65,6.61,0.59,46.81,140,No Holiday
4,7,2021,7,67.12,164.01,51.56,7.19,0.92,47.31,126,Holiday
5,7,2021,1,66.23,223.87,33.63,7.18,0.49,38.63,151,No Holiday
6,7,2021,2,51.65,250.51,30.24,7.64,0.46,49.21,239,No Holiday
7,7,2021,3,66.85,223.86,36.65,8.32,0.57,43.92,179,No Holiday
8,7,2021,4,53.3,238.31,31.66,9.54,0.33,25.64,196,No Holiday
9,7,2021,5,40.09,95.93,36.45,7.87,0.72,33.01,133,No Holiday
10,7,2021,6,31.78,72.43,32.48,7.86,0.71,16.44,82,No Holiday
11,7,2021,7,38.91,88.44,29.15,7.62,0.67,23.58,79,Holiday
12,7,2021,1,34.46,72.26,33.47,7.23,0.61,31.73,77,No Holiday
13,7,2021,2,29.09,44.2,33.56,7.46,0.56,21.52,59,No Holiday
14,7,2021,3,40.07,103.57,36.41,7.42,0.74,25.88,75,No Holiday
15,7,2021,4,38.79,53.48,31.25,7.92,0.63,25.04,65,No Holiday
16,7,2021,5,44.13,83.13,35.36,8.81,0.66,19.68,70,No Holiday
17,7,2021,6,54.56,117.34,42.77,9.35,0.72,15.47,92,No Holiday
18,7,2021,7,34.43,71.7,41.59,8.63,0.71,16.82,92,Holiday
19,7,2021,1,38.03,15.72,28.7,8.94,0.41,22.44,41,No Holiday
20,7,2021,2,40.13,64.37,7.66,2.88,0.56,14.86,77,No Holiday
21,7,2021,3,40.55,75.73,41.05,8.58,1.27,40.19,65,Holiday
22,7,2021,4,29.84,43.57,23.74,7.65,0.56,58.83,58,No Holiday
23,7,2021,5,36.58,72.89,31.29,7.12,0.76,32.47,75,No Holiday
24,7,2021,6,49.88,90.47,26.76,6.55,0.94,32.47,94,No Holiday
25,7,2021,7,59.63,78.24,33.41,5.91,0.64,32.47,213,Holiday
26,7,2021,1,47.02,79.43,26.14,5.57,0.69,32.47,130,No Holiday
27,7,2021,2,42.01,54.57,21.44,7.0,0.68,29.48,90,No Holiday
28,7,2021,3,24.57,32.89,16.14,6.06,0.58,23.33,34,No Holiday
29,7,2021,4,31.12,60.07,18.29,6.78,0.65,22.73,49,No Holiday
30,7,2021,5,29.74,40.97,56.05,7.3,0.8,29.3,53,No Holiday
31,7,2021,6,37.02,80.5,20.07,6.39,0.81,28.98,55,No Holiday
1,8,2021,7,45.89,59.77,19.15,9.89,0.88,18.48,99,Holiday
2,8,2021,1,44.42,56.22,21.79,12.87,0.98,17.44,76,No Holiday
3,8,2021,2,33.9,53.49,23.08,13.88,0.54,13.18,54,No Holiday
4,8,2021,3,35.7,69.66,23.56,12.16,0.5,19.4,59,No Holiday
5,8,2021,4,48.55,86.49,24.25,12.05,0.54,21.78,93,No Holiday
6,8,2021,5,49.27,96.53,6.8,3.61,1.16,16.85,104,No Holiday
7,8,2021,6,57.15,98.51,24.04,8.28,0.81,15.96,106,No Holiday
8,8,2021,7,49.75,64.09,28.19,7.55,0.89,13.84,88,Holiday
9,8,2021,1,58.02,88.0,30.15,7.7,1.19,14.77,97,No Holiday
10,8,2021,2,46.72,149.79,29.09,7.71,0.58,14.54,101,No Holiday
11,8,2021,3,53.16,164.97,44.66,8.15,0.48,15.95,146,No Holiday
12,8,2021,4,40.67,151.31,26.57,8.24,0.41,39.92,151,No Holiday
13,8,2021,5,41.29,167.99,22.04,7.46,0.47,66.02,139,No Holiday
14,8,2021,6,42.79,190.31,23.75,7.37,0.43,68.92,166,No Holiday
15,8,2021,7,37.18,123.48,20.61,8.16,0.43,68.21,119,Holiday
16,8,2021,1,40.98,134.95,20.99,7.28,0.48,57.5,115,No Holiday
17,8,2021,2,55.64,159.26,18.93,7.48,0.63,53.16,144,No Holiday
18,8,2021,3,66.42,167.05,21.59,7.54,0.75,57.0,146,No Holiday
19,8,2021,4,84.47,181.2,30.64,7.75,1.02,64.39,163,No Holiday
20,8,2021,5,45.09,66.46,24.28,9.13,0.68,56.36,107,Holiday
21,8,2021,6,28.0,24.6,24.01,7.63,0.57,45.26,49,No Holiday
22,8,2021,7,38.59,46.83,46.07,7.44,0.94,39.06,53,Holiday
23,8,2021,1,41.84,71.74,30.66,6.6,0.78,41.03,73,No Holiday
24,8,2021,2,51.28,93.19,29.03,7.41,1.07,39.93,86,No Holiday
25,8,2021,3,45.47,141.03,32.64,7.61,0.65,44.65,108,No Holiday
26,8,2021,4,45.32,158.52,27.0,6.86,0.52,47.87,125,No Holiday
27,8,2021,5,46.5,158.08,29.94,6.88,0.47,41.37,146,No Holiday
28,8,2021,6,47.74,123.63,38.53,6.91,0.77,31.44,131,No Holiday
29,8,2021,7,58.68,116.87,25.47,7.14,0.79,34.54,111,Holiday
30,8,2021,1,25.59,46.3,25.33,7.63,0.42,32.27,67,Holiday
31,8,2021,2,29.47,39.15,27.81,7.24,0.62,33.01,45,No Holiday
1,9,2021,3,31.18,28.48,23.23,7.11,0.53,33.35,53,No Holiday
2,9,2021,4,42.23,53.21,22.78,7.46,0.93,34.63,37,No Holiday
3,9,2021,5,37.07,45.6,27.61,8.53,0.56,33.25,53,No Holiday
4,9,2021,6,40.13,50.65,32.74,8.71,1.3,29.96,46,No Holiday
5,9,2021,7,48.88,78.56,31.81,9.96,1.68,39.8,86,Holiday
6,9,2021,1,66.59,94.23,33.14,8.55,1.56,45.01,126,No Holiday
7,9,2021,2,45.95,70.27,25.04,8.55,0.58,40.35,94,No Holiday
8,9,2021,3,36.32,73.63,26.7,8.7,0.66,39.22,61,No Holiday
9,9,2021,4,41.9,80.16,34.95,8.88,0.71,44.57,84,No Holiday
10,9,2021,5,41.77,72.74,30.49,8.89,0.58,38.25,77,No Holiday
11,9,2021,6,31.73,31.49,29.61,8.78,0.44,35.2,49,No Holiday
12,9,2021,7,37.69,53.58,25.28,8.83,0.56,34.77,37,Holiday
13,9,2021,1,35.27,51.81,24.77,8.89,0.65,35.23,67,No Holiday
14,9,2021,2,34.25,67.3,22.61,7.69,0.48,33.55,44,No Holiday
15,9,2021,3,35.11,79.59,40.22,3.59,0.89,26.56,71,No Holiday
16,9,2021,4,41.28,75.33,39.2,3.85,1.22,22.11,95,No Holiday
17,9,2021,5,23.99,44.07,26.73,3.76,0.35,10.26,37,No Holiday
18,9,2021,6,31.95,64.68,4.46,1.92,1.1,13.02,60,No Holiday
19,9,2021,7,40.98,94.91,7.13,2.2,1.12,15.55,89,Holiday
20,9,2021,1,40.95,98.19,8.41,2.46,0.97,17.79,91,No Holiday
21,9,2021,2,33.1,70.33,8.45,1.93,1.02,13.28,89,No Holiday
22,9,2021,3,31.75,57.01,5.94,2.15,1.0,12.7,54,No Holiday
23,9,2021,4,33.85,68.68,32.63,8.31,0.34,10.3,61,No Holiday
24,9,2021,5,31.2,45.57,28.98,8.13,0.41,11.16,55,No Holiday
25,9,2021,6,29.94,52.34,25.04,8.12,0.36,11.41,50,No Holiday
26,9,2021,7,39.82,60.03,28.45,8.19,0.53,13.06,55,Holiday
27,9,2021,1,57.51,110.73,32.18,8.25,0.7,12.82,102,No Holiday
28,9,2021,2,48.43,99.35,32.47,8.2,0.57,12.13,103,No Holiday
29,9,2021,3,44.98,95.02,29.83,8.09,0.72,12.02,86,No Holiday
30,9,2021,4,34.88,80.39,32.85,7.29,0.88,12.77,82,No Holiday
1,10,2021,5,56.87,137.83,38.56,9.12,1.24,14.74,108,No Holiday
2,10,2021,6,66.65,107.55,28.64,8.2,0.74,14.66,130,Holiday
3,10,2021,7,46.59,106.1,23.52,8.64,0.64,14.95,91,Holiday
4,10,2021,1,37.73,105.88,20.43,8.79,0.61,15.15,94,No Holiday
5,10,2021,2,41.88,96.77,33.02,9.17,0.79,22.7,105,No Holiday
6,10,2021,3,45.09,92.96,28.48,9.52,0.69,20.95,85,No Holiday
7,10,2021,4,64.65,117.52,44.95,9.55,0.87,33.12,105,No Holiday
8,10,2021,5,68.31,179.04,40.87,7.71,1.13,38.89,138,No Holiday
9,10,2021,6,79.29,214.39,52.39,7.74,1.22,37.67,181,No Holiday
10,10,2021,7,77.59,186.18,44.57,7.74,1.39,37.77,181,Holiday
11,10,2021,1,79.17,207.03,46.88,8.22,0.85,36.23,168,No Holiday
12,10,2021,2,79.44,199.22,44.2,7.93,1.48,38.5,181,No Holiday
13,10,2021,3,75.56,181.8,31.41,7.78,0.96,57.19,146,No Holiday
14,10,2021,4,76.6,182.05,42.55,7.8,0.99,61.36,171,No Holiday
15,10,2021,5,99.7,194.26,49.88,8.0,1.37,55.28,199,Holiday
16,10,2021,6,145.48,248.36,50.86,8.14,0.85,50.33,273,No Holiday
17,10,2021,7,72.06,260.6,48.41,8.07,0.85,34.06,327,Holiday
18,10,2021,1,27.65,22.37,24.42,7.84,0.51,27.19,32,No Holiday
19,10,2021,2,48.43,81.37,27.97,7.93,0.81,35.42,49,Holiday
20,10,2021,3,116.65,183.52,54.74,6.9,1.63,37.59,234,No Holiday
21,10,2021,4,82.51,208.51,58.77,5.82,1.39,35.41,193,No Holiday
22,10,2021,5,77.12,160.18,46.57,5.88,0.93,29.88,165,No Holiday
23,10,2021,6,155.65,150.32,73.91,5.31,0.85,26.86,151,No Holiday
24,10,2021,7,85.65,173.32,10.92,3.71,0.82,32.16,187,Holiday
25,10,2021,1,58.93,107.75,10.15,3.4,0.63,22.01,84,No Holiday
26,10,2021,2,63.12,127.72,44.68,4.75,1.25,39.95,98,No Holiday
27,10,2021,3,94.53,193.14,55.06,4.99,1.6,45.57,162,No Holiday
28,10,2021,4,166.48,216.63,62.98,5.41,0.85,42.99,168,No Holiday
29,10,2021,5,164.44,230.99,67.24,5.71,0.85,31.06,198,No Holiday
30,10,2021,6,122.44,198.8,63.88,5.51,1.42,42.39,259,No Holiday
31,10,2021,7,142.65,245.63,56.07,5.8,1.64,40.01,293,Holiday
1,11,2021,1,151.11,255.77,30.49,7.55,0.85,28.41,277,No Holiday
2,11,2021,2,137.05,237.8,76.1,6.4,0.85,34.32,295,No Holiday
3,11,2021,3,172.52,277.81,30.49,7.33,0.85,31.81,309,No Holiday
4,11,2021,4,72.06,380.04,67.34,8.67,0.85,30.77,394,Holiday
5,11,2021,5,72.06,492.19,68.63,9.42,0.85,24.64,384,No Holiday
6,11,2021,6,72.06,348.85,58.21,8.49,0.85,35.37,402,No Holiday
7,11,2021,7,72.06,356.91,73.39,8.55,0.85,36.57,403,Holiday
8,11,2021,1,72.06,338.15,30.49,8.44,0.85,37.4,287,No Holiday
9,11,2021,2,72.06,466.43,21.57,8.43,0.85,13.94,431,No Holiday
10,11,2021,3,72.06,317.7,30.49,8.75,0.85,28.78,255,No Holiday
11,11,2021,4,72.06,434.16,30.49,7.75,0.85,20.39,425,No Holiday
12,11,2021,5,72.06,451.81,30.49,7.96,0.85,23.8,489,No Holiday
13,11,2021,6,72.06,348.41,22.52,7.85,0.85,29.3,415,No Holiday
14,11,2021,7,72.06,287.86,13.21,8.04,0.85,26.54,359,Holiday
15,11,2021,1,72.06,283.28,12.06,7.76,0.85,26.84,374,No Holiday
16,11,2021,2,72.06,331.05,11.42,7.89,0.85,32.47,417,No Holiday
17,11,2021,3,72.06,287.99,11.22,8.23,0.85,34.0,390,No Holiday
18,11,2021,4,72.06,311.51,11.22,8.7,0.85,32.82,361,No Holiday
19,11,2021,5,72.06,407.59,28.93,7.84,1.62,25.25,402,Holiday
20,11,2021,6,72.06,279.56,11.58,8.46,0.85,16.4,401,No Holiday
21,11,2021,7,182.25,221.87,10.55,7.76,1.12,32.5,319,Holiday
22,11,2021,1,151.6,244.82,10.39,9.0,0.9,34.58,324,No Holiday
23,11,2021,2,174.02,254.28,11.78,9.26,0.85,24.65,311,No Holiday
24,11,2021,3,72.06,370.8,14.12,9.13,0.85,40.12,398,No Holiday
25,11,2021,4,72.06,389.01,13.27,9.34,0.85,30.88,429,No Holiday
26,11,2021,5,72.06,337.28,12.56,9.3,0.85,36.52,414,No Holiday
27,11,2021,6,72.06,363.55,13.71,11.33,0.85,57.1,403,No Holiday
28,11,2021,7,72.06,321.76,11.24,10.07,0.85,46.81,410,Holiday
29,11,2021,1,72.06,285.13,11.45,10.6,0.85,50.73,376,No Holiday
30,11,2021,2,72.06,247.68,10.92,10.06,1.37,56.62,327,No Holiday
1,12,2021,3,72.06,358.33,11.05,6.14,0.85,32.43,391,No Holiday
2,12,2021,4,72.06,325.51,10.65,6.02,0.85,31.07,429,No Holiday
3,12,2021,5,72.06,265.58,10.55,5.37,0.85,35.18,370,No Holiday
4,12,2021,6,72.06,269.59,11.35,5.98,0.85,36.75,380,No Holiday
5,12,2021,7,72.06,289.04,12.29,6.44,0.85,32.11,345,Holiday
6,12,2021,1,128.13,179.13,10.4,5.22,0.92,40.96,311,No Holiday
7,12,2021,2,113.25,213.0,16.47,2.71,0.93,15.91,255,No Holiday
8,12,2021,3,135.38,243.35,22.68,3.51,1.05,16.77,266,No Holiday
9,12,2021,4,72.06,327.61,23.9,3.56,1.3,12.65,332,No Holiday
10,12,2021,5,175.67,303.5,22.32,2.73,1.01,13.83,324,No Holiday
11,12,2021,6,146.83,250.15,16.58,2.72,1.05,15.55,294,No Holiday
12,12,2021,7,72.06,312.46,20.76,2.5,1.47,16.08,289,Holiday
13,12,2021,1,72.06,508.8,29.58,3.52,0.85,15.02,397,No Holiday
14,12,2021,2,72.06,448.07,25.21,3.05,0.85,14.04,408,No Holiday
15,12,2021,3,72.06,383.87,20.51,3.95,1.3,16.78,381,No Holiday
16,12,2021,4,72.06,374.35,17.62,3.58,1.08,15.76,383,No Holiday
17,12,2021,5,161.36,271.12,10.05,1.69,0.93,22.51,347,No Holiday
18,12,2021,6,128.71,227.08,9.6,1.25,0.93,17.09,327,No Holiday
19,12,2021,7,159.71,267.73,15.01,2.4,1.04,16.73,301,Holiday
20,12,2021,1,72.06,337.61,22.11,3.17,1.31,16.27,355,No Holiday
21,12,2021,2,72.06,199.8,26.84,4.5,0.85,15.14,444,No Holiday
22,12,2021,3,72.06,199.8,26.87,4.85,0.85,16.85,428,No Holiday
23,12,2021,4,72.06,199.8,37.89,6.68,0.85,16.67,468,No Holiday
24,12,2021,5,72.06,199.8,33.35,4.28,0.85,12.8,473,No Holiday
25,12,2021,6,72.06,199.8,31.39,4.28,0.85,11.81,467,Holiday
26,12,2021,7,72.06,199.8,26.81,3.25,0.85,7.09,490,Holiday
27,12,2021,1,158.89,245.79,13.82,3.26,1.13,10.29,279,No Holiday
28,12,2021,2,161.08,260.93,21.59,3.61,1.13,5.96,343,No Holiday
29,12,2021,3,141.64,238.91,15.9,2.39,0.95,8.25,284,No Holiday
30,12,2021,4,164.51,290.17,18.49,3.49,0.97,11.31,296,No Holiday
31,12,2021,5,181.46,287.61,19.89,2.33,1.1,11.41,315,No Holiday
1,1,2022,6,72.06,300.41,19.4,7.78,0.85,32.37,389,No Holiday
2,1,2022,7,72.06,325.39,20.99,8.06,0.85,29.64,415,Holiday
3,1,2022,1,72.06,376.27,26.21,8.01,0.85,31.7,406,No Holiday
4,1,2022,2,72.06,318.67,22.38,7.87,0.85,28.56,413,No Holiday
5,1,2022,3,72.06,319.14,21.62,8.01,0.85,26.9,389,No Holiday
6,1,2022,4,110.85,130.96,13.86,6.93,0.85,27.78,290,No Holiday
7,1,2022,5,69.03,87.91,11.58,6.56,1.35,27.84,173,No Holiday
8,1,2022,6,48.56,53.88,6.31,6.54,1.1,27.01,90,No Holiday
9,1,2022,7,39.3,44.1,3.14,6.29,0.87,27.27,41,Holiday
10,1,2022,1,86.47,99.65,10.81,7.5,1.24,31.21,118,No Holiday
11,1,2022,2,93.69,113.94,6.91,7.52,1.22,34.49,231,No Holiday
12,1,2022,3,115.58,161.38,8.93,7.75,1.49,30.86,179,No Holiday
13,1,2022,4,156.23,217.25,14.17,12.11,0.85,33.83,322,No Holiday
14,1,2022,5,161.15,216.8,11.81,13.68,0.85,23.39,300,No Holiday
15,1,2022,6,92.03,175.69,3.48,2.06,0.9,14.59,205,No Holiday
16,1,2022,7,132.88,227.47,5.1,1.69,1.15,14.04,310,Holiday
17,1,2022,1,169.34,338.88,13.31,2.53,1.34,10.23,338,No Holiday
18,1,2022,2,159.39,306.91,7.92,3.07,1.35,8.61,330,No Holiday
19,1,2022,3,168.08,344.99,7.29,3.22,1.51,13.58,337,No Holiday
20,1,2022,4,72.06,539.69,14.36,9.91,0.85,9.02,465,No Holiday
21,1,2022,5,72.06,419.02,9.76,10.27,0.85,28.03,434,No Holiday
22,1,2022,6,146.49,170.95,9.65,9.0,0.85,19.13,365,No Holiday
23,1,2022,7,112.86,128.02,9.59,7.93,1.56,20.27,220,Holiday
24,1,2022,1,136.58,162.36,9.6,8.39,0.85,19.4,283,No Holiday
25,1,2022,2,117.64,164.14,9.58,8.21,0.85,19.53,207,No Holiday
26,1,2022,3,133.37,179.09,9.59,8.6,0.85,23.4,292,Holiday
27,1,2022,4,124.59,164.06,9.58,8.3,1.57,29.45,279,No Holiday
28,1,2022,5,107.08,159.79,9.54,8.01,1.35,32.61,224,No Holiday
29,1,2022,6,118.42,194.84,12.09,8.01,1.45,33.76,247,No Holiday
30,1,2022,7,136.49,191.22,9.99,8.69,1.38,35.91,270,Holiday
31,1,2022,1,72.06,269.23,16.09,9.15,0.85,25.3,321,No Holiday
1,2,2022,2,72.06,245.48,7.96,11.07,1.48,20.03,376,No Holiday
2,2,2022,3,137.15,189.65,7.76,9.79,0.31,30.13,327,No Holiday
3,2,2022,4,122.9,145.08,6.34,12.69,0.55,27.83,302,No Holiday
4,2,2022,5,55.45,51.03,23.56,16.21,1.06,28.64,153,No Holiday
5,2,2022,6,106.6,214.4,22.33,11.45,0.81,25.75,196,No Holiday
6,2,2022,7,72.06,306.91,26.94,11.59,0.85,25.55,325,Holiday
7,2,2022,1,177.28,290.62,28.84,10.19,1.47,25.35,291,No Holiday
8,2,2022,2,178.34,297.03,26.78,11.34,1.37,28.58,312,No Holiday
9,2,2022,3,83.57,130.3,17.15,10.19,1.19,34.29,221,No Holiday
10,2,2022,4,91.43,159.66,17.28,10.28,1.01,30.11,189,No Holiday
11,2,2022,5,75.33,150.38,16.52,8.6,0.58,32.35,154,No Holiday
12,2,2022,6,103.46,205.6,20.69,6.89,0.64,29.56,206,No Holiday
13,2,2022,7,128.11,234.49,23.96,7.23,1.22,24.86,261,Holiday
14,2,2022,1,138.33,262.43,29.0,6.63,1.32,23.8,258,No Holiday
15,2,2022,2,130.54,273.39,48.96,7.67,1.62,21.22,246,No Holiday
16,2,2022,3,122.57,259.51,37.99,7.63,1.0,35.12,253,No Holiday
17,2,2022,4,110.41,200.28,32.95,6.58,0.97,23.53,250,No Holiday
18,2,2022,5,119.32,221.72,31.48,6.99,1.18,19.35,258,No Holiday
19,2,2022,6,88.12,173.13,26.18,6.76,0.84,27.62,175,No Holiday
20,2,2022,7,79.64,158.27,20.02,6.58,0.7,34.78,176,Holiday
21,2,2022,1,90.28,199.57,29.99,7.45,1.09,28.03,169,No Holiday
22,2,2022,2,115.54,268.96,40.22,8.11,1.43,33.75,254,No Holiday
23,2,2022,3,110.08,197.08,40.61,7.18,1.03,35.14,184,No Holiday
24,2,2022,4,170.05,282.62,51.29,10.08,1.32,14.35,329,No Holiday
25,2,2022,5,141.36,238.14,48.67,9.86,1.12,15.85,300,No Holiday
26,2,2022,6,33.68,54.14,20.0,9.9,0.27,35.66,77,No Holiday
27,2,2022,7,46.46,85.69,25.1,10.21,0.41,25.82,88,Holiday
28,2,2022,1,46.4,109.67,27.75,7.66,0.43,23.72,81,No Holiday
1,3,2022,2,85.73,151.28,36.07,3.59,0.66,16.6,147,Holiday
2,3,2022,3,91.13,189.14,35.72,5.49,0.69,15.45,216,No Holiday
3,3,2022,4,84.01,206.66,41.88,6.19,0.69,17.37,157,No Holiday
4,3,2022,5,73.41,134.65,22.96,6.55,0.46,17.25,164,No Holiday
5,3,2022,6,58.68,118.51,25.18,5.5,0.41,21.35,107,No Holiday
6,3,2022,7,94.04,170.68,34.49,6.0,0.75,18.36,176,Holiday
7,3,2022,1,129.2,234.23,50.76,6.57,1.16,20.06,254,No Holiday
8,3,2022,2,145.6,237.18,43.36,5.95,0.99,12.66,282,No Holiday
9,3,2022,3,86.63,183.86,33.09,5.58,0.58,13.61,173,No Holiday
10,3,2022,4,69.99,141.85,25.92,5.51,0.5,14.42,150,No Holiday
11,3,2022,5,89.92,164.82,28.16,5.61,0.55,12.94,177,No Holiday
12,3,2022,6,83.12,178.02,31.83,8.14,0.59,11.86,181,No Holiday
13,3,2022,7,106.78,208.46,34.5,8.05,0.8,8.36,220,Holiday
14,3,2022,1,125.69,233.95,31.36,8.64,1.05,5.66,255,No Holiday
15,3,2022,2,138.44,264.19,16.41,9.21,1.07,5.97,269,No Holiday
16,3,2022,3,95.12,216.2,18.71,8.01,0.68,5.33,228,No Holiday
17,3,2022,4,121.13,219.67,24.51,8.59,0.93,6.19,221,No Holiday
18,3,2022,5,154.35,218.23,22.48,9.65,1.4,5.08,301,Holiday
19,3,2022,6,104.8,186.04,15.79,8.61,1.11,4.18,216,No Holiday
20,3,2022,7,96.02,199.8,62.7,9.71,1.01,4.29,241,Holiday
21,3,2022,1,146.2,257.8,28.46,13.77,1.4,4.89,244,No Holiday
22,3,2022,2,75.06,188.92,18.07,8.63,0.73,7.08,169,No Holiday
23,3,2022,3,106.34,259.97,27.7,10.45,1.25,7.17,215,No Holiday
24,3,2022,4,115.45,314.89,16.62,13.65,0.85,5.84,272,No Holiday
25,3,2022,5,92.25,230.52,9.85,9.43,0.96,8.29,208,No Holiday
26,3,2022,6,91.62,274.15,11.3,11.24,0.75,12.77,220,No Holiday
27,3,2022,7,93.61,240.58,11.29,11.18,0.96,15.75,201,Holiday
28,3,2022,1,116.25,315.46,12.55,17.62,0.85,6.09,264,No Holiday
29,3,2022,2,138.58,350.07,10.27,19.08,1.69,6.08,287,No Holiday
30,3,2022,3,72.06,413.05,10.14,41.66,0.85,8.82,310,No Holiday
31,3,2022,4,98.54,284.67,30.49,15.96,0.92,65.05,254,No Holiday
1,4,2022,5,99.98,245.53,37.06,10.11,0.44,47.41,214,No Holiday
2,4,2022,6,109.14,288.12,11.47,22.11,0.83,42.17,243,No Holiday
3,4,2022,7,92.99,257.79,11.74,28.66,1.16,49.96,234,Holiday
4,4,2022,1,115.62,336.1,9.15,45.45,0.89,35.77,289,No Holiday
5,4,2022,2,112.37,302.26,11.34,45.05,0.84,39.92,251,No Holiday
6,4,2022,3,143.22,369.49,12.62,15.43,1.05,37.86,289,No Holiday
7,4,2022,4,72.06,401.14,13.51,15.43,1.14,35.23,347,No Holiday
8,4,2022,5,72.06,257.82,12.84,15.43,0.78,42.91,313,No Holiday
9,4,2022,6,72.06,374.81,10.19,15.43,1.19,32.07,292,No Holiday
10,4,2022,7,72.06,344.34,8.31,15.43,0.85,35.98,325,Holiday
11,4,2022,1,72.06,358.11,12.42,15.43,1.13,19.98,295,No Holiday
12,4,2022,2,127.14,277.88,10.48,15.43,1.17,15.03,244,No Holiday
13,4,2022,3,174.31,390.53,9.89,11.29,1.57,11.37,323,No Holiday
14,4,2022,4,118.18,343.81,8.12,7.86,0.45,21.09,287,Holiday
15,4,2022,5,82.38,177.24,8.2,5.59,0.55,39.99,190,Holiday
16,4,2022,6,95.16,254.7,10.89,15.89,0.68,65.24,257,No Holiday
17,4,2022,7,130.14,251.29,11.44,10.19,0.94,44.14,272,Holiday
18,4,2022,1,153.78,295.27,12.63,20.03,1.47,13.23,280,No Holiday
19,4,2022,2,72.06,454.54,26.28,15.43,1.25,23.3,328,No Holiday
20,4,2022,3,149.35,295.44,51.47,15.43,0.8,52.6,286,No Holiday
21,4,2022,4,158.74,404.39,51.06,15.43,0.85,45.57,320,No Holiday
22,4,2022,5,71.85,188.81,49.96,42.0,0.68,32.47,188,No Holiday
23,4,2022,6,151.76,280.78,52.49,15.43,0.94,68.15,269,No Holiday
24,4,2022,7,153.34,368.79,49.99,15.43,0.83,32.47,282,Holiday
25,4,2022,1,135.6,391.66,48.93,15.43,0.73,32.47,278,No Holiday
26,4,2022,2,89.17,206.28,51.9,15.43,0.8,32.47,226,No Holiday
27,4,2022,3,72.06,452.89,58.08,15.43,0.85,41.71,348,No Holiday
28,4,2022,4,72.06,332.7,56.12,38.75,1.49,32.47,387,No Holiday
29,4,2022,5,72.06,391.34,54.89,41.51,1.34,63.83,413,No Holiday
30,4,2022,6,72.06,290.64,54.05,15.43,1.32,29.18,360,No Holiday
1,5,2022,7,166.64,272.39,47.73,10.37,1.32,14.59,226,Holiday
2,5,2022,1,116.44,226.9,42.34,33.06,0.91,12.56,289,No Holiday
3,5,2022,2,155.22,214.71,37.56,11.29,0.94,9.7,286,Holiday
4,5,2022,3,147.9,352.92,21.57,26.81,0.93,42.71,324,No Holiday
5,5,2022,4,122.14,400.61,4.82,27.5,0.92,43.68,365,No Holiday
6,5,2022,5,72.06,399.48,4.64,26.72,1.5,43.44,364,No Holiday
7,5,2022,6,169.8,320.74,3.65,28.74,1.45,54.13,335,No Holiday
8,5,2022,7,140.79,204.26,3.55,26.67,1.01,32.47,312,Holiday
9,5,2022,1,103.11,152.61,2.81,26.07,0.84,32.47,267,No Holiday
10,5,2022,2,104.13,156.94,2.49,21.87,0.88,51.9,244,No Holiday
11,5,2022,3,93.53,152.07,2.44,11.04,0.88,47.43,200,No Holiday
12,5,2022,4,92.97,153.91,2.81,12.21,0.91,49.35,194,No Holiday
13,5,2022,5,125.05,237.2,3.05,11.57,1.07,37.57,242,No Holiday
14,5,2022,6,167.49,268.07,4.09,16.78,1.51,30.78,310,No Holiday
15,5,2022,7,118.54,257.73,3.57,24.06,1.24,33.43,295,Holiday
16,5,2022,1,128.94,324.32,2.59,16.86,0.76,35.91,265,Holiday
17,5,2022,2,99.59,220.11,2.16,12.65,0.79,63.21,206,No Holiday
18,5,2022,3,128.52,227.35,2.51,14.74,0.93,58.41,296,No Holiday
19,5,2022,4,142.69,263.31,3.84,15.43,1.01,43.31,265,No Holiday
20,5,2022,5,140.77,251.6,4.89,15.43,0.96,25.7,288,No Holiday
21,5,2022,6,117.78,344.59,37.17,38.98,1.04,31.82,280,No Holiday
22,5,2022,7,125.68,168.44,52.14,15.43,1.21,9.02,268,Holiday
23,5,2022,1,32.25,110.82,4.58,4.08,0.85,35.73,151,No Holiday
24,5,2022,2,44.38,97.45,6.22,3.87,1.09,36.44,73,No Holiday
25,5,2022,3,91.29,183.36,9.19,4.57,1.2,34.18,202,No Holiday
26,5,2022,4,105.62,233.43,12.82,6.56,1.23,49.55,222,No Holiday
27,5,2022,5,100.86,204.27,37.65,20.9,1.41,18.92,238,No Holiday
28,5,2022,6,81.46,210.55,37.16,20.91,1.27,17.39,178,No Holiday
29,5,2022,7,82.9,207.85,37.04,18.58,1.21,29.13,196,Holiday
30,5,2022,1,83.36,227.18,39.12,15.86,1.39,32.0,184,No Holiday
31,5,2022,2,117.28,355.73,39.38,12.47,0.85,34.59,218,No Holiday
1,6,2022,3,147.15,375.4,39.54,9.39,0.51,35.46,349,No Holiday
2,6,2022,4,104.49,251.95,38.95,8.54,0.48,42.6,229,No Holiday
3,6,2022,5,126.27,278.88,37.3,10.35,0.62,63.19,305,No Holiday
4,6,2022,6,106.85,264.14,37.23,15.24,0.79,55.16,255,No Holiday
5,6,2022,7,84.94,288.22,36.51,20.08,0.79,41.25,244,Holiday
6,6,2022,1,62.83,215.0,35.87,14.24,0.62,57.98,195,No Holiday
7,6,2022,2,112.22,387.31,36.4,12.91,0.73,47.03,262,No Holiday
8,6,2022,3,102.8,384.86,36.17,13.97,0.45,47.0,341,No Holiday
9,6,2022,4,85.3,288.97,36.21,12.6,0.54,46.57,237,No Holiday
10,6,2022,5,103.64,341.46,12.01,7.56,0.66,41.17,293,No Holiday
11,6,2022,6,101.12,327.41,8.82,6.24,0.65,41.66,276,No Holiday
12,6,2022,7,105.02,302.97,11.21,6.31,0.66,48.77,284,Holiday
13,6,2022,1,63.16,253.31,6.5,3.75,0.52,50.69,208,No Holiday
14,6,2022,2,88.37,260.65,4.52,3.26,0.56,44.86,221,No Holiday
15,6,2022,3,61.31,150.81,4.11,3.09,0.54,43.6,157,No Holiday
16,6,2022,4,50.55,138.34,6.43,3.18,0.57,52.7,135,No Holiday
17,6,2022,5,35.52,68.63,7.94,3.67,0.64,48.16,81,No Holiday
18,6,2022,6,35.85,54.19,4.97,3.9,0.6,46.59,65,No Holiday
19,6,2022,7,62.71,100.85,6.37,7.44,0.63,32.19,130,Holiday
20,6,2022,1,136.01,170.0,8.6,9.96,0.8,41.6,208,No Holiday
21,6,2022,2,52.93,110.84,12.48,12.26,0.84,38.12,120,No Holiday
22,6,2022,3,71.71,156.6,7.64,12.35,0.68,58.39,138,No Holiday
23,6,2022,4,78.02,173.61,8.48,12.03,0.54,32.47,148,No Holiday
24,6,2022,5,102.07,214.06,11.38,11.85,0.59,68.63,210,No Holiday
25,6,2022,6,103.97,228.02,16.02,11.84,0.97,32.47,199,No Holiday
26,6,2022,7,99.65,181.98,6.79,11.82,0.84,45.85,206,Holiday
27,6,2022,1,66.11,126.56,4.66,11.89,0.72,41.55,118,No Holiday
28,6,2022,2,77.03,228.05,5.51,13.87,0.81,41.37,160,No Holiday
29,6,2022,3,67.12,190.51,5.14,18.01,0.74,34.99,162,No Holiday
30,6,2022,4,62.73,71.57,22.54,17.54,0.75,21.31,154,No Holiday
1,7,2022,5,38.9,56.38,31.54,13.72,0.74,18.94,64,No Holiday
2,7,2022,6,47.15,151.33,33.4,13.6,0.81,28.61,92,No Holiday
3,7,2022,7,32.42,49.3,42.1,13.48,0.66,25.44,84,Holiday
4,7,2022,1,87.32,133.14,40.7,13.47,1.1,34.59,101,No Holiday
5,7,2022,2,94.56,136.46,21.96,18.32,0.83,24.06,133,No Holiday
6,7,2022,3,42.9,104.18,22.61,22.07,0.45,30.51,100,No Holiday
7,7,2022,4,38.57,93.44,21.76,24.26,0.44,26.74,97,No Holiday
8,7,2022,5,51.56,106.14,20.69,23.89,0.52,29.9,89,No Holiday
9,7,2022,6,52.38,97.13,18.85,23.84,0.5,28.91,111,Holiday
10,7,2022,7,40.21,67.27,19.08,23.81,0.38,34.17,66,Holiday
11,7,2022,1,60.93,88.99,18.97,23.95,0.78,56.99,98,No Holiday
12,7,2022,2,37.22,76.49,18.98,24.0,0.71,66.51,84,No Holiday
13,7,2022,3,34.87,62.48,19.05,23.67,0.48,32.47,82,No Holiday
14,7,2022,4,42.52,91.78,19.02,23.75,0.46,32.47,88,No Holiday
15,7,2022,5,29.55,72.71,19.03,23.78,0.38,32.47,92,No Holiday
16,7,2022,6,33.54,56.96,19.12,23.66,0.46,32.47,87,No Holiday
17,7,2022,7,48.54,43.11,19.08,23.53,0.37,32.47,96,Holiday
18,7,2022,1,52.62,134.4,18.95,23.45,0.5,32.47,140,No Holiday
19,7,2022,2,41.44,124.01,18.95,23.48,0.74,32.47,124,No Holiday
20,7,2022,3,42.94,66.84,8.02,25.01,0.49,61.01,86,No Holiday
21,7,2022,4,60.22,72.24,6.33,25.87,0.5,55.24,53,No Holiday
22,7,2022,5,67.42,116.78,7.24,25.99,0.73,49.48,171,No Holiday
23,7,2022,6,33.67,65.68,4.26,26.22,0.46,50.4,71,No Holiday
24,7,2022,7,26.14,49.86,4.25,26.09,0.39,51.79,59,Holiday
25,7,2022,1,25.0,50.31,3.51,26.16,0.35,54.92,56,No Holiday
26,7,2022,2,30.88,61.12,4.88,27.22,0.41,53.01,60,No Holiday
27,7,2022,3,28.34,57.78,6.74,27.33,0.42,52.63,55,No Holiday
28,7,2022,4,25.7,42.09,7.07,26.85,0.4,49.0,52,No Holiday
29,7,2022,5,27.48,43.14,5.64,27.14,0.36,46.41,47,No Holiday
30,7,2022,6,28.74,37.9,5.5,26.74,0.53,48.02,47,No Holiday
31,7,2022,7,29.61,39.32,5.83,26.22,0.39,53.42,50,Holiday
1,8,2022,1,27.42,62.78,4.95,26.26,0.41,47.76,48,No Holiday
2,8,2022,2,36.22,385.15,9.02,26.32,0.45,53.86,216,No Holiday
3,8,2022,3,45.03,139.59,10.27,26.28,0.73,52.95,125,No Holiday
4,8,2022,4,34.65,89.03,9.78,26.41,0.77,52.75,99,No Holiday
5,8,2022,5,29.54,65.32,9.32,26.35,0.69,49.97,56,No Holiday
6,8,2022,6,37.25,88.15,6.57,26.54,0.7,54.73,88,No Holiday
7,8,2022,7,60.79,90.78,8.42,26.59,0.89,47.05,127,Holiday
8,8,2022,1,48.58,93.31,8.18,26.75,0.84,61.47,68,No Holiday
9,8,2022,2,52.53,95.69,7.45,26.62,0.65,55.29,115,Holiday
10,8,2022,3,42.77,93.29,37.23,26.39,0.57,48.26,87,No Holiday
11,8,2022,4,25.31,51.36,37.77,26.18,0.38,47.05,62,No Holiday
12,8,2022,5,29.69,55.77,37.63,26.32,0.41,46.84,52,No Holiday
13,8,2022,6,30.89,60.97,37.67,26.46,0.53,48.07,58,No Holiday
14,8,2022,7,29.28,45.91,37.5,26.62,0.54,46.06,53,Holiday
15,8,2022,1,24.87,29.48,37.43,26.68,0.38,37.86,47,Holiday
16,8,2022,2,22.75,49.26,37.47,26.65,0.38,44.19,47,No Holiday
17,8,2022,3,24.92,30.53,37.82,26.64,0.42,44.73,48,No Holiday
18,8,2022,4,24.52,57.02,37.41,26.67,0.41,44.36,48,No Holiday
19,8,2022,5,27.54,53.97,37.69,26.71,0.32,49.43,59,Holiday
20,8,2022,6,35.65,77.33,37.76,26.63,0.45,47.43,69,No Holiday
21,8,2022,7,47.66,100.08,31.8,26.73,0.49,35.12,93,Holiday
22,8,2022,1,42.56,88.54,15.0,27.08,0.46,47.5,93,No Holiday
23,8,2022,2,34.37,56.0,15.04,26.67,0.41,47.15,69,No Holiday
24,8,2022,3,30.18,49.78,15.07,26.61,0.64,47.06,51,No Holiday
25,8,2022,4,36.47,100.36,15.08,25.8,0.69,62.87,77,No Holiday
26,8,2022,5,39.01,95.31,14.99,25.75,0.49,48.97,105,No Holiday
27,8,2022,6,33.02,94.33,15.09,25.82,0.36,51.27,92,No Holiday
28,8,2022,7,41.74,126.96,15.02,25.81,0.39,51.03,106,Holiday
29,8,2022,1,43.31,133.05,15.03,25.81,0.42,54.95,130,No Holiday
30,8,2022,2,52.9,129.59,15.12,25.89,0.65,59.85,110,No Holiday
31,8,2022,3,42.48,111.99,15.09,19.28,0.46,49.74,110,No Holiday
1,9,2022,4,50.05,115.37,9.53,5.64,0.55,57.65,112,No Holiday
2,9,2022,5,43.4,106.73,8.76,5.65,0.5,56.02,104,No Holiday
3,9,2022,6,36.98,103.85,8.72,5.73,0.43,47.55,106,No Holiday
4,9,2022,7,32.85,87.52,6.93,5.72,0.39,46.99,85,Holiday
5,9,2022,1,29.88,87.24,7.59,2.47,0.8,17.08,82,No Holiday
6,9,2022,2,46.69,125.05,7.26,5.98,0.48,56.07,73,No Holiday
7,9,2022,3,56.54,138.14,8.84,2.72,0.77,24.1,124,No Holiday
8,9,2022,4,71.15,154.82,8.77,6.08,0.7,32.47,222,No Holiday
9,9,2022,5,64.96,124.14,9.32,6.21,0.7,67.66,150,No Holiday
10,9,2022,6,44.0,86.54,7.21,6.23,0.57,60.76,96,No Holiday
11,9,2022,7,30.37,78.38,7.26,6.25,0.56,64.99,72,Holiday
12,9,2022,1,25.34,69.07,7.21,6.31,0.51,64.57,76,No Holiday
13,9,2022,2,31.83,56.87,5.86,6.4,0.42,52.69,63,No Holiday
14,9,2022,3,24.1,44.55,4.3,6.72,0.35,53.57,64,No Holiday
15,9,2022,4,19.67,23.61,4.82,6.81,0.33,57.35,62,No Holiday
16,9,2022,5,23.69,14.98,6.97,6.94,0.45,51.53,54,No Holiday
17,9,2022,6,25.87,69.23,6.87,7.05,0.6,51.51,54,No Holiday
18,9,2022,7,36.82,116.51,8.56,7.26,0.8,54.97,92,Holiday
19,9,2022,1,41.78,170.47,11.51,7.21,1.08,34.21,140,No Holiday
20,9,2022,2,55.26,111.58,8.44,1.96,1.05,13.1,131,No Holiday
21,9,2022,3,43.81,78.44,8.33,1.68,0.86,8.14,84,No Holiday
22,9,2022,4,31.21,53.27,6.22,1.62,0.78,8.78,51,No Holiday
23,9,2022,5,16.23,31.51,7.62,9.59,0.47,18.43,31,No Holiday
24,9,2022,6,16.55,31.84,6.53,9.58,0.61,19.64,37,No Holiday
25,9,2022,7,14.36,32.02,5.46,9.62,0.42,24.61,24,Holiday
26,9,2022,1,22.03,74.46,6.69,9.78,0.61,18.05,66,No Holiday
27,9,2022,2,27.19,90.05,6.81,9.74,0.56,12.57,75,No Holiday
28,9,2022,3,29.79,123.13,9.17,9.8,0.64,13.87,108,No Holiday
29,9,2022,4,31.14,133.18,8.58,9.79,0.68,15.91,124,No Holiday
30,9,2022,5,40.81,163.14,11.73,9.91,0.75,11.28,133,No Holiday
1,10,2022,6,35.11,155.49,9.17,9.93,0.68,9.39,139,No Holiday
2,10,2022,7,33.73,150.88,10.09,9.97,0.53,11.24,141,Holiday
3,10,2022,1,25.56,114.08,9.11,10.01,0.44,13.73,107,No Holiday
4,10,2022,2,39.29,139.4,11.23,10.14,0.63,9.87,118,No Holiday
5,10,2022,3,41.3,170.61,12.77,10.52,0.78,9.62,150,Holiday
6,10,2022,4,22.96,80.04,7.39,2.55,0.58,18.54,109,No Holiday
7,10,2022,5,11.91,29.62,6.3,10.34,0.39,5.7,35,No Holiday
8,10,2022,6,13.0,25.73,4.28,10.51,0.39,58.1,81,No Holiday
9,10,2022,7,9.39,13.07,3.09,10.57,0.27,32.47,100,Holiday
10,10,2022,1,19.69,36.63,5.04,1.32,0.33,11.13,19,No Holiday
11,10,2022,2,19.98,66.91,10.89,10.66,0.63,34.88,45,No Holiday
12,10,2022,3,24.46,95.25,3.97,10.76,0.61,10.32,94,No Holiday
13,10,2022,4,21.96,101.32,3.01,10.77,0.54,16.31,97,No Holiday
14,10,2022,5,26.86,140.33,3.49,10.77,0.64,22.95,115,No Holiday
15,10,2022,6,36.46,190.7,3.84,10.79,0.65,20.99,138,No Holiday
16,10,2022,7,39.76,197.91,3.95,10.98,0.65,20.25,184,Holiday
17,10,2022,1,46.12,244.02,4.51,11.0,0.7,17.79,185,No Holiday
18,10,2022,2,41.46,236.88,4.77,11.0,0.83,9.93,200,No Holiday
19,10,2022,3,42.35,310.08,5.64,12.1,0.85,14.83,74,No Holiday
20,10,2022,4,64.6,356.38,12.65,13.51,1.53,24.4,101,No Holiday
21,10,2022,5,71.07,261.79,28.0,13.85,1.37,20.51,246,No Holiday
22,10,2022,6,142.46,245.64,29.58,14.18,0.9,27.44,262,No Holiday
23,10,2022,7,139.53,229.72,27.23,14.14,0.85,28.3,274,Holiday
24,10,2022,1,162.04,234.5,22.81,14.04,0.82,38.15,307,Holiday
25,10,2022,2,146.62,228.11,19.79,14.06,0.77,38.51,289,No Holiday
26,10,2022,3,147.07,246.48,24.65,14.14,1.17,30.55,285,No Holiday
27,10,2022,4,72.06,344.75,32.38,14.16,0.85,23.32,376,No Holiday
28,10,2022,5,72.06,419.52,43.54,14.2,0.85,25.35,392,No Holiday
29,10,2022,6,72.06,403.53,39.14,14.23,0.85,21.41,424,No Holiday
30,10,2022,7,72.06,434.04,39.68,14.2,0.85,23.16,381,Holiday
31,10,2022,1,72.06,520.95,51.09,14.99,0.85,14.66,409,No Holiday
1,11,2022,2,72.06,502.55,30.49,13.73,0.85,10.71,434,No Holiday
2,11,2022,3,116.96,493.59,50.99,7.98,0.85,20.77,390,No Holiday
3,11,2022,4,159.95,199.8,47.45,8.18,0.85,21.82,456,No Holiday
4,11,2022,5,145.8,199.8,67.76,9.7,0.85,28.22,451,No Holiday
5,11,2022,6,92.46,391.37,54.99,7.22,0.85,23.34,376,No Holiday
6,11,2022,7,72.06,361.79,19.24,1.44,1.7,24.94,368,Holiday
7,11,2022,1,72.06,434.82,23.61,2.35,1.65,23.87,368,No Holiday
8,11,2022,2,72.06,427.73,14.73,1.37,1.28,15.29,403,Holiday
9,11,2022,3,127.67,280.92,20.11,2.36,1.27,29.35,292,No Holiday
10,11,2022,4,91.48,378.56,47.81,9.09,0.85,36.72,315,No Holiday
11,11,2022,5,120.0,414.55,41.61,6.9,1.24,36.06,340,No Holiday
12,11,2022,6,100.51,342.71,42.36,8.17,1.09,45.14,289,No Holiday
13,11,2022,7,89.41,304.97,44.77,10.1,1.23,49.52,249,Holiday
14,11,2022,1,96.59,350.87,55.49,11.88,0.85,47.86,319,No Holiday
15,11,2022,2,69.63,244.25,50.08,9.16,1.07,36.35,200,No Holiday
16,11,2022,3,61.99,214.26,43.65,9.12,0.7,49.24,211,No Holiday
17,11,2022,4,78.7,268.88,46.23,8.47,0.95,49.3,203,No Holiday
18,11,2022,5,89.22,321.54,51.54,8.89,1.21,46.32,268,No Holiday
19,11,2022,6,83.18,309.66,61.58,8.72,1.28,24.3,263,No Holiday
20,11,2022,7,87.25,317.33,62.95,8.83,1.08,12.19,278,Holiday
21,11,2022,1,74.62,271.87,56.62,9.34,0.9,12.89,246,No Holiday
22,11,2022,2,62.41,245.34,57.42,9.96,0.8,14.4,203,No Holiday
23,11,2022,3,57.06,250.87,60.56,9.67,0.79,12.67,221,No Holiday
24,11,2022,4,60.97,282.52,60.95,11.43,1.06,16.63,215,No Holiday
25,11,2022,5,68.93,331.13,67.56,12.16,1.51,13.87,306,No Holiday
26,11,2022,6,77.94,360.48,66.49,11.4,1.12,17.97,296,No Holiday
27,11,2022,7,75.94,329.99,69.23,10.21,1.27,13.11,288,Holiday
28,11,2022,1,74.82,362.38,68.45,12.88,1.7,13.4,308,No Holiday
29,11,2022,2,106.72,540.39,69.57,11.69,0.85,9.69,360,No Holiday
30,11,2022,3,109.39,454.52,48.69,7.73,0.85,11.01,389,No Holiday
1,12,2022,4,167.61,439.69,48.42,4.23,1.62,28.51,358,No Holiday
2,12,2022,5,72.06,378.66,50.2,4.4,0.85,26.9,386,No Holiday
3,12,2022,6,72.06,534.61,58.04,5.87,0.85,45.73,411,No Holiday
4,12,2022,7,72.06,468.77,48.85,3.93,0.85,35.75,408,Holiday
5,12,2022,1,72.06,400.31,46.1,5.88,1.27,34.63,324,No Holiday
6,12,2022,2,120.08,330.43,43.04,4.02,0.96,31.53,316,No Holiday
7,12,2022,3,80.29,245.29,40.42,3.83,0.7,30.53,224,No Holiday
8,12,2022,4,82.64,269.16,42.1,5.65,0.87,35.3,209,No Holiday
9,12,2022,5,87.75,301.25,46.34,4.85,1.09,35.32,260,No Holiday
10,12,2022,6,103.38,354.67,47.36,6.37,1.49,37.31,343,No Holiday
11,12,2022,7,72.24,243.72,45.85,6.12,0.67,28.5,198,Holiday
12,12,2022,1,59.22,202.71,46.55,5.73,0.7,24.1,182,No Holiday
13,12,2022,2,48.35,163.77,42.62,5.56,0.53,34.23,153,No Holiday
14,12,2022,3,54.45,189.7,42.03,5.71,0.64,35.61,161,No Holiday
15,12,2022,4,59.8,210.46,45.72,5.63,0.76,31.31,162,No Holiday
16,12,2022,5,89.82,330.13,48.74,6.21,1.21,39.3,206,No Holiday
17,12,2022,6,93.08,353.73,48.36,6.0,1.44,44.17,314,No Holiday
18,12,2022,7,113.19,413.75,51.33,7.3,1.67,51.19,319,Holiday
19,12,2022,1,119.53,422.23,48.02,6.02,0.85,54.2,354,No Holiday
20,12,2022,2,76.69,275.39,42.13,5.94,1.37,41.98,263,No Holiday
21,12,2022,3,81.9,296.64,41.85,5.38,1.11,41.98,214,No Holiday
22,12,2022,4,84.37,314.04,42.92,5.72,1.11,36.46,263,No Holiday
23,12,2022,5,71.87,273.2,44.95,5.54,1.28,42.72,236,No Holiday
24,12,2022,6,69.88,260.04,44.51,6.85,1.18,39.41,266,No Holiday
25,12,2022,7,71.78,268.7,44.21,5.75,0.95,32.42,208,Holiday
26,12,2022,1,109.62,483.0,37.02,6.67,0.85,55.89,240,No Holiday
27,12,2022,2,69.44,254.83,34.94,6.17,1.5,38.39,249,No Holiday
28,12,2022,3,69.87,261.53,34.82,7.22,1.22,42.97,236,No Holiday
29,12,2022,4,92.92,363.94,37.52,8.36,1.52,53.06,232,No Holiday
30,12,2022,5,72.06,449.21,35.17,8.63,0.85,56.41,368,No Holiday
31,12,2022,6,164.48,265.14,7.95,4.46,1.01,37.59,357,No Holiday
1,1,2023,7,139.04,207.88,10.73,2.98,0.99,41.19,281,Holiday
2,1,2023,1,72.06,297.92,11.52,3.08,1.17,48.45,327,No Holiday
3,1,2023,2,72.06,368.79,11.94,7.57,0.95,47.16,384,No Holiday
4,1,2023,3,171.19,266.21,9.66,3.48,0.96,41.98,341,No Holiday
5,1,2023,4,163.96,274.04,13.22,8.45,1.11,38.09,318,No Holiday
6,1,2023,5,72.06,199.8,14.68,9.41,1.2,45.34,365,No Holiday
7,1,2023,6,72.06,199.8,13.16,15.77,1.15,41.66,500,No Holiday
8,1,2023,7,72.06,199.8,9.26,5.16,1.52,50.96,500,Holiday
9,1,2023,1,72.06,377.71,11.19,5.84,0.85,57.32,412,No Holiday
10,1,2023,2,168.18,273.41,12.36,4.46,1.23,13.06,236,No Holiday
11,1,2023,3,72.06,310.04,16.15,4.9,1.17,10.61,288,No Holiday
12,1,2023,4,72.06,356.05,15.18,8.87,1.63,12.0,400,No Holiday
13,1,2023,5,72.06,340.05,16.07,5.8,1.68,11.22,388,No Holiday
14,1,2023,6,146.21,237.45,6.72,4.05,0.65,19.31,337,No Holiday
15,1,2023,7,107.33,193.54,9.47,4.0,0.45,16.35,233,Holiday
16,1,2023,1,162.29,270.4,13.45,5.42,0.76,18.87,285,No Holiday
17,1,2023,2,151.71,249.14,13.4,5.6,0.87,17.38,289,No Holiday
18,1,2023,3,72.06,327.3,15.06,6.29,1.42,12.66,302,No Holiday
19,1,2023,4,72.06,313.42,16.98,12.14,1.25,15.73,337,No Holiday
20,1,2023,5,81.13,159.68,9.12,9.95,0.7,18.33,196,No Holiday
21,1,2023,6,72.06,342.69,19.29,6.89,1.5,10.49,305,No Holiday
22,1,2023,7,72.06,392.36,13.55,8.77,1.53,17.28,411,Holiday
23,1,2023,1,160.63,273.19,15.09,7.26,1.19,13.34,335,No Holiday
24,1,2023,2,94.94,193.3,15.85,6.38,1.05,9.13,242,No Holiday
25,1,2023,3,95.75,198.95,9.43,5.96,1.16,5.31,181,No Holiday
26,1,2023,4,80.56,204.28,4.31,5.5,0.84,9.49,174,Holiday
27,1,2023,5,60.43,151.75,5.85,6.42,0.68,19.37,143,No Holiday
28,1,2023,6,86.36,211.73,8.74,7.04,0.87,14.72,157,No Holiday
29,1,2023,7,108.45,274.83,18.08,6.67,0.85,2.7,255,Holiday
30,1,2023,1,44.16,115.07,8.34,7.91,1.14,11.57,110,No Holiday
31,1,2023,2,37.09,108.88,3.51,5.83,0.83,10.87,127,No Holiday
1,2,2023,3,39.98,128.57,5.42,6.4,0.69,14.93,101,No Holiday
2,2,2023,4,49.4,161.13,7.39,7.78,0.77,15.06,141,No Holiday
3,2,2023,5,73.57,258.27,11.25,10.0,1.07,15.39,187,No Holiday
4,2,2023,6,71.81,248.88,11.06,11.84,1.07,16.33,225,No Holiday
5,2,2023,7,61.72,206.07,9.88,9.35,1.2,12.87,186,Holiday
6,2,2023,1,98.1,351.38,20.42,12.99,0.85,11.67,268,No Holiday
7,2,2023,2,70.71,256.94,6.47,9.56,1.42,16.96,279,No Holiday
8,2,2023,3,52.13,184.39,6.67,9.59,0.75,21.53,139,No Holiday
9,2,2023,4,70.49,246.89,21.41,11.38,1.11,14.31,216,No Holiday
10,2,2023,5,64.03,222.58,22.14,13.32,1.34,17.96,159,No Holiday
11,2,2023,6,85.2,298.69,17.53,13.3,1.34,22.29,278,No Holiday
12,2,2023,7,38.59,150.24,9.45,10.87,0.54,32.28,154,Holiday
13,2,2023,1,38.75,132.75,8.13,10.09,0.47,36.7,124,No Holiday
14,2,2023,2,44.47,147.27,11.56,12.14,0.62,34.0,118,No Holiday
15,2,2023,3,55.56,194.39,14.0,8.79,0.8,22.91,161,No Holiday
16,2,2023,4,90.02,316.72,18.8,8.0,1.29,21.45,217,No Holiday
17,2,2023,5,122.48,417.41,29.25,9.77,0.85,35.05,342,No Holiday
18,2,2023,6,97.82,344.78,18.72,7.66,1.55,14.02,326,Holiday
19,2,2023,7,96.35,355.97,21.55,8.82,1.65,21.78,257,Holiday
20,2,2023,1,98.36,342.75,24.1,11.16,0.85,15.93,337,No Holiday
21,2,2023,2,80.8,257.89,16.43,9.43,1.24,16.62,197,No Holiday
22,2,2023,3,72.06,225.64,17.64,7.17,1.28,13.14,198,No Holiday
23,2,2023,4,55.57,206.67,15.28,7.9,0.84,15.67,196,No Holiday
24,2,2023,5,53.33,199.38,15.74,8.51,0.88,24.37,157,No Holiday
25,2,2023,6,69.24,258.06,20.77,11.49,1.06,23.53,212,No Holiday
26,2,2023,7,76.03,278.03,26.81,13.05,1.35,21.95,236,Holiday
27,2,2023,1,78.51,248.99,21.14,11.85,1.13,23.78,220,No Holiday
28,2,2023,2,76.82,248.13,20.74,10.02,0.98,18.37,206,No Holiday
1,3,2023,3,53.83,196.17,16.92,7.87,0.62,36.82,170,No Holiday
2,3,2023,4,50.16,194.52,17.22,9.55,0.7,38.57,175,No Holiday
3,3,2023,5,39.39,145.22,11.32,8.96,0.46,43.52,137,No Holiday
4,3,2023,6,36.45,145.07,11.76,11.91,0.43,44.45,126,No Holiday
5,3,2023,7,35.15,127.75,10.0,10.49,0.41,52.29,128,Holiday
6,3,2023,1,40.18,149.61,12.02,11.13,0.5,52.69,129,No Holiday
7,3,2023,2,47.4,181.31,15.67,9.98,0.73,43.35,159,No Holiday
8,3,2023,3,50.12,181.45,12.31,13.91,0.9,49.38,154,Holiday
9,3,2023,4,37.3,114.49,10.38,9.79,0.43,54.65,104,No Holiday
10,3,2023,5,64.79,242.72,15.71,10.78,0.92,45.41,190,No Holiday
11,3,2023,6,60.07,242.02,18.0,13.62,0.87,43.94,217,No Holiday
12,3,2023,7,47.92,218.34,21.74,14.95,0.92,48.53,183,Holiday
13,3,2023,1,61.01,284.61,16.59,19.71,1.0,48.47,232,No Holiday
14,3,2023,2,57.06,247.96,15.07,15.95,0.87,44.47,228,No Holiday
15,3,2023,3,61.51,254.11,23.62,17.3,1.02,47.93,197,No Holiday
16,3,2023,4,66.24,251.37,24.83,22.89,0.95,52.54,229,No Holiday
17,3,2023,5,50.83,198.58,21.89,16.68,0.75,47.0,158,No Holiday
18,3,2023,6,40.51,122.2,17.02,9.73,0.72,37.64,138,No Holiday
19,3,2023,7,45.8,156.95,18.92,11.37,0.99,33.79,123,Holiday
20,3,2023,1,49.47,174.17,23.02,17.62,0.84,48.81,174,No Holiday
21,3,2023,2,33.36,98.53,17.16,10.09,0.45,58.29,98,No Holiday
22,3,2023,3,40.24,153.93,17.03,10.33,0.72,41.36,122,No Holiday
23,3,2023,4,60.3,212.75,23.03,19.64,0.89,48.1,177,No Holiday
24,3,2023,5,58.47,199.06,44.26,40.2,1.22,32.47,185,No Holiday
25,3,2023,6,29.67,75.46,25.88,29.63,0.69,32.47,163,No Holiday
26,3,2023,7,42.63,167.52,24.96,37.87,0.71,32.47,154,Holiday
27,3,2023,1,40.53,140.52,20.78,40.18,0.69,32.47,186,No Holiday
28,3,2023,2,48.11,171.35,29.31,40.72,0.83,32.47,178,No Holiday
29,3,2023,3,56.03,211.15,46.71,15.43,1.23,32.47,193,Holiday
30,3,2023,4,53.09,209.82,28.08,45.17,0.89,32.47,182,No Holiday
31,3,2023,5,45.4,46.32,22.18,25.44,0.61,32.47,97,No Holiday
1,4,2023,6,35.46,123.23,33.22,32.93,1.01,32.47,279,No Holiday
2,4,2023,7,37.09,147.89,31.07,33.64,1.09,43.04,136,Holiday
3,4,2023,1,44.98,167.74,28.57,42.26,0.91,52.05,138,No Holiday
4,4,2023,2,36.17,114.95,20.85,36.36,0.57,50.29,113,Holiday
5,4,2023,3,40.38,132.11,22.64,45.71,0.59,51.61,106,No Holiday
6,4,2023,4,46.4,131.03,20.26,44.46,0.45,64.31,126,No Holiday
7,4,2023,5,40.63,134.36,17.02,45.65,0.54,65.9,112,Holiday
8,4,2023,6,50.5,179.93,20.25,15.43,0.69,63.03,161,No Holiday
9,4,2023,7,73.4,274.66,30.53,15.43,0.99,49.9,233,Holiday
10,4,2023,1,60.24,224.22,34.8,15.43,0.99,57.63,176,No Holiday
11,4,2023,2,89.73,389.09,49.18,15.43,1.32,40.67,309,No Holiday
12,4,2023,3,55.92,247.67,30.33,15.43,0.87,58.77,224,No Holiday
13,4,2023,4,77.25,287.26,37.92,15.43,1.06,48.9,248,No Holiday
14,4,2023,5,85.21,302.34,41.73,15.43,1.15,40.19,272,Holiday
15,4,2023,6,84.88,305.15,41.54,15.43,1.19,56.8,279,No Holiday
16,4,2023,7,66.54,248.59,48.11,15.43,1.29,32.27,222,Holiday
17,4,2023,1,56.33,263.11,33.76,15.43,0.93,43.69,223,No Holiday
18,4,2023,2,91.54,317.65,37.15,15.43,1.19,22.88,230,No Holiday
19,4,2023,3,86.63,239.58,14.69,15.43,0.53,61.89,241,No Holiday
20,4,2023,4,47.01,146.07,20.76,15.43,0.63,42.48,151,No Holiday
21,4,2023,5,39.82,159.12,19.52,15.43,0.59,32.47,122,No Holiday
22,4,2023,6,35.33,150.97,12.71,15.43,0.48,32.47,143,Holiday
23,4,2023,7,31.18,105.16,11.51,34.84,0.4,32.47,118,Holiday
24,4,2023,1,47.13,208.59,28.26,15.43,0.78,32.47,176,No Holiday
25,4,2023,2,40.55,169.15,25.81,15.43,0.82,32.47,198,No Holiday
26,4,2023,3,65.63,283.41,51.43,15.43,1.46,32.47,234,No Holiday
27,4,2023,4,49.55,183.15,43.86,15.43,1.03,32.47,207,No Holiday
28,4,2023,5,44.65,176.63,31.18,43.46,0.99,66.13,128,No Holiday
29,4,2023,6,58.27,243.75,27.85,17.6,0.83,39.22,209,No Holiday
30,4,2023,7,29.51,108.49,24.61,13.49,0.59,65.07,130,Holiday
1,5,2023,1,26.0,70.05,17.65,12.49,0.59,37.36,84,No Holiday
2,5,2023,2,32.12,72.55,15.02,12.38,0.57,45.75,70,No Holiday
3,5,2023,3,34.71,105.14,15.47,13.66,0.85,37.69,104,No Holiday
4,5,2023,4,66.77,134.46,14.95,13.4,0.83,60.49,217,No Holiday
5,5,2023,5,49.72,213.66,21.39,17.75,1.23,38.94,165,Holiday
6,5,2023,6,78.99,257.23,17.76,18.95,0.97,31.1,236,No Holiday
7,5,2023,7,50.26,211.98,19.32,19.63,0.78,50.99,192,Holiday
8,5,2023,1,42.7,148.82,22.7,17.29,0.86,44.33,126,No Holiday
9,5,2023,2,61.0,256.02,14.88,24.99,0.87,67.61,208,No Holiday
10,5,2023,3,69.17,224.55,24.71,28.89,0.73,32.47,184,No Holiday
11,5,2023,4,107.38,316.22,56.76,34.72,0.85,54.94,221,No Holiday
12,5,2023,5,73.77,294.75,57.78,27.74,0.85,62.05,247,No Holiday
13,5,2023,6,82.57,329.11,65.13,30.11,0.85,32.47,287,No Holiday
14,5,2023,7,71.19,272.4,48.18,28.33,1.6,32.47,254,Holiday
15,5,2023,1,42.88,172.64,17.22,22.8,0.82,61.53,148,No Holiday
16,5,2023,2,168.21,522.8,15.03,25.12,0.87,60.99,270,No Holiday
17,5,2023,3,82.12,337.5,25.86,29.18,1.06,49.67,363,No Holiday
18,5,2023,4,41.0,116.13,14.55,19.14,0.8,32.47,251,No Holiday
19,5,2023,5,56.72,160.09,13.34,22.65,0.86,32.47,198,No Holiday
20,5,2023,6,67.76,226.87,14.89,20.31,1.09,19.41,187,No Holiday
21,5,2023,7,71.94,263.68,27.99,18.7,1.73,9.38,233,Holiday
22,5,2023,1,69.33,252.19,28.79,13.44,1.12,32.49,182,No Holiday
23,5,2023,2,64.81,244.39,23.76,21.24,0.9,46.47,216,No Holiday
24,5,2023,3,33.53,116.51,22.18,22.08,0.79,46.42,148,No Holiday
25,5,2023,4,31.29,118.29,21.04,21.53,0.76,47.24,80,No Holiday
26,5,2023,5,28.98,55.16,24.39,17.12,0.83,52.05,85,Holiday
27,5,2023,6,23.45,59.37,27.6,7.1,0.94,44.46,48,No Holiday
28,5,2023,7,62.5,198.44,28.48,7.18,1.49,27.44,115,Holiday
29,5,2023,1,35.89,98.5,23.58,10.2,0.99,35.94,98,No Holiday
30,5,2023,2,28.55,102.42,21.73,10.6,0.84,36.17,102,No Holiday
31,5,2023,3,29.05,69.88,18.33,9.76,0.85,26.81,81,No Holiday
1,6,2023,4,37.58,101.11,20.96,9.46,0.98,28.73,82,No Holiday
2,6,2023,5,29.68,83.31,18.62,8.55,0.8,34.12,84,No Holiday
3,6,2023,6,39.18,127.29,21.02,8.05,0.93,31.07,100,No Holiday
4,6,2023,7,56.64,191.71,23.07,7.57,1.06,33.35,152,Holiday
5,6,2023,1,48.77,171.74,21.17,7.14,1.0,35.29,148,No Holiday
6,6,2023,2,79.25,115.53,21.95,6.83,0.92,38.8,124,No Holiday
7,6,2023,3,67.28,215.29,21.66,6.65,0.84,38.23,187,No Holiday
8,6,2023,4,48.02,148.28,23.67,8.29,0.87,45.64,139,No Holiday
9,6,2023,5,49.97,163.69,22.1,8.79,0.79,38.02,144,No Holiday
10,6,2023,6,45.11,162.95,19.91,8.43,0.65,30.57,136,No Holiday
11,6,2023,7,36.78,89.39,20.05,8.0,0.66,31.7,117,Holiday
12,6,2023,1,73.19,220.74,29.11,7.63,0.63,44.11,176,No Holiday
13,6,2023,2,71.3,273.53,31.54,7.15,0.68,30.65,201,No Holiday
14,6,2023,3,64.72,234.09,28.56,7.12,0.58,29.55,214,No Holiday
15,6,2023,4,45.3,153.82,29.78,7.04,0.61,33.3,163,No Holiday
16,6,2023,5,45.95,145.41,33.15,7.61,0.71,28.75,121,No Holiday
17,6,2023,6,46.18,138.89,32.35,9.64,0.8,32.78,138,No Holiday
18,6,2023,7,28.83,73.73,29.92,13.54,0.64,36.03,78,Holiday
19,6,2023,1,23.99,61.81,31.49,16.07,0.65,28.74,62,No Holiday
20,6,2023,2,43.29,115.21,28.66,15.52,0.74,28.51,112,No Holiday
21,6,2023,3,35.0,103.61,12.09,15.18,0.48,29.35,79,No Holiday
22,6,2023,4,37.45,110.2,12.64,15.26,0.55,24.4,105,No Holiday
23,6,2023,5,46.09,135.16,12.48,15.29,0.57,24.79,114,No Holiday
24,6,2023,6,50.58,140.16,15.46,15.37,0.73,23.16,143,No Holiday
25,6,2023,7,20.11,39.07,9.69,15.3,0.44,27.24,67,Holiday
26,6,2023,1,42.97,99.74,12.83,15.42,0.73,31.4,84,No Holiday
27,6,2023,2,30.14,66.67,11.47,15.37,0.54,40.23,69,No Holiday
28,6,2023,3,34.89,94.81,17.02,15.5,0.58,46.23,79,No Holiday
29,6,2023,4,39.48,93.39,17.74,15.72,0.74,26.77,106,Holiday
30,6,2023,5,26.18,55.64,11.83,15.76,0.69,30.35,58,No Holiday
1,7,2023,6,24.95,43.38,8.89,14.17,0.46,48.07,45,No Holiday
2,7,2023,7,30.41,63.61,10.87,6.38,0.55,51.87,43,Holiday
3,7,2023,1,45.55,117.32,17.77,6.1,0.71,64.58,99,No Holiday
4,7,2023,2,47.58,116.78,18.27,8.41,0.76,43.52,118,No Holiday
5,7,2023,3,28.73,59.63,5.55,7.88,0.54,42.99,79,No Holiday
6,7,2023,4,30.08,57.43,4.49,6.45,0.52,36.88,58,No Holiday
7,7,2023,5,28.46,68.23,6.27,4.76,0.53,40.28,60,No Holiday
8,7,2023,6,27.75,50.73,6.2,3.07,0.56,35.01,62,No Holiday
9,7,2023,7,25.67,39.88,5.63,1.21,0.6,31.71,44,Holiday
10,7,2023,1,27.78,41.73,19.59,25.26,0.55,37.77,45,No Holiday
11,7,2023,2,30.79,57.18,24.41,5.37,0.43,40.15,48,No Holiday
12,7,2023,3,31.58,58.34,21.17,3.64,0.52,36.93,62,No Holiday
13,7,2023,4,37.13,80.28,17.46,2.59,0.59,36.34,72,No Holiday
14,7,2023,5,46.84,96.11,19.38,2.18,0.73,38.08,79,No Holiday
15,7,2023,6,40.98,105.56,17.78,1.94,0.63,33.56,107,No Holiday
16,7,2023,7,33.35,69.4,16.93,1.84,0.53,33.13,75,Holiday
17,7,2023,1,56.03,125.67,18.1,2.32,0.66,48.86,91,No Holiday
18,7,2023,2,38.63,85.63,17.51,2.73,0.66,34.37,108,No Holiday
19,7,2023,3,40.82,90.39,13.99,4.04,0.54,29.94,81,No Holiday
20,7,2023,4,53.38,115.11,19.04,10.5,1.1,48.1,103,No Holiday
21,7,2023,5,56.25,141.47,38.29,17.18,0.76,38.59,125,No Holiday
22,7,2023,6,42.61,98.1,29.04,16.83,0.55,29.92,108,No Holiday
23,7,2023,7,36.79,80.63,27.25,16.63,0.46,30.16,79,Holiday
24,7,2023,1,37.39,83.1,29.78,16.51,0.49,30.28,80,No Holiday
25,7,2023,2,42.83,103.48,32.36,16.3,0.61,31.02,99,No Holiday
26,7,2023,3,33.28,68.32,29.16,15.98,0.61,29.54,70,No Holiday
27,7,2023,4,42.24,103.8,35.67,15.94,0.76,29.78,105,No Holiday
28,7,2023,5,38.45,82.74,28.83,15.72,0.64,30.59,80,No Holiday
29,7,2023,6,24.63,47.67,28.39,15.56,0.52,31.06,55,Holiday
30,7,2023,7,26.99,66.07,23.48,15.51,0.4,30.63,60,Holiday
31,7,2023,1,36.02,105.12,31.23,15.43,0.52,29.79,94,No Holiday
1,8,2023,2,28.74,96.92,50.23,15.36,0.38,30.67,88,No Holiday
2,8,2023,3,26.34,90.1,31.07,15.18,0.36,30.51,94,No Holiday
3,8,2023,4,29.15,93.59,25.35,17.69,0.35,29.92,85,No Holiday
4,8,2023,5,29.34,87.98,26.31,19.08,0.37,27.78,96,No Holiday
5,8,2023,6,27.45,72.29,34.25,14.14,0.55,31.76,73,No Holiday
6,8,2023,7,29.25,95.13,28.46,13.56,0.41,30.53,83,Holiday
7,8,2023,1,33.46,120.35,25.3,14.55,0.32,30.15,104,No Holiday
8,8,2023,2,36.64,138.73,26.09,16.3,0.33,30.08,124,No Holiday
9,8,2023,3,40.83,147.91,26.31,23.43,0.37,30.36,127,No Holiday
10,8,2023,4,39.45,139.04,29.01,21.34,0.39,30.48,137,No Holiday
11,8,2023,5,40.58,144.95,26.44,19.96,0.37,32.16,124,No Holiday
12,8,2023,6,38.53,143.33,23.18,19.84,0.32,32.59,128,No Holiday
13,8,2023,7,34.1,116.78,22.18,19.76,0.34,32.62,119,Holiday
14,8,2023,1,32.64,115.39,34.87,19.79,0.46,32.34,112,No Holiday
15,8,2023,2,31.18,83.38,35.54,19.56,0.58,31.71,94,Holiday
16,8,2023,3,35.68,115.67,43.32,19.71,0.69,25.42,63,No Holiday
17,8,2023,4,41.03,143.77,31.19,19.7,0.4,18.67,68,No Holiday
18,8,2023,5,45.93,170.92,30.83,19.69,0.4,19.17,140,No Holiday
19,8,2023,6,39.61,103.19,38.39,19.49,0.63,19.69,111,No Holiday
20,8,2023,7,34.33,79.69,37.0,19.75,0.6,19.63,90,Holiday
21,8,2023,1,30.02,86.38,34.8,19.86,0.58,19.26,77,No Holiday
22,8,2023,2,29.66,85.73,26.72,20.11,0.57,19.26,86,No Holiday
23,8,2023,3,25.07,65.15,32.9,19.35,0.68,18.36,65,No Holiday
24,8,2023,4,32.52,109.25,25.51,18.58,0.49,41.26,87,No Holiday
25,8,2023,5,37.9,133.3,18.93,18.61,0.37,57.03,115,No Holiday
26,8,2023,6,48.82,193.47,19.24,18.75,0.37,58.08,158,No Holiday
27,8,2023,7,54.27,211.46,14.94,18.75,0.32,57.6,186,Holiday
28,8,2023,1,48.52,192.15,20.18,18.74,0.38,47.51,150,No Holiday
29,8,2023,2,45.46,170.27,20.71,18.73,0.4,26.73,150,No Holiday
30,8,2023,3,41.92,156.7,21.7,18.72,0.48,9.59,148,No Holiday
31,8,2023,4,49.55,158.37,15.03,18.97,0.5,26.31,137,No Holiday
1,9,2023,5,43.0,157.52,25.79,18.87,0.43,37.99,140,No Holiday
2,9,2023,6,41.75,150.09,19.61,18.97,0.39,41.76,131,No Holiday
3,9,2023,7,41.35,158.99,24.2,18.96,0.41,42.29,137,Holiday
4,9,2023,1,43.92,158.08,25.05,18.96,0.43,44.72,143,No Holiday
5,9,2023,2,33.91,105.78,22.64,19.07,0.49,63.02,103,No Holiday
6,9,2023,3,35.52,115.27,44.79,19.12,0.7,54.67,112,No Holiday
7,9,2023,4,28.59,96.11,31.13,19.16,0.6,53.47,99,Holiday
8,9,2023,5,21.6,66.25,30.29,19.27,0.59,44.78,76,No Holiday
9,9,2023,6,8.96,22.01,9.82,19.04,0.36,34.3,36,No Holiday
10,9,2023,7,4.55,9.69,5.14,18.97,0.32,33.06,34,Holiday
11,9,2023,1,17.77,49.07,25.09,19.18,0.53,42.76,42,No Holiday
12,9,2023,2,27.45,86.11,46.77,19.75,0.86,46.98,83,No Holiday
13,9,2023,3,34.61,113.58,50.84,20.14,0.94,65.99,84,No Holiday
14,9,2023,4,33.82,101.62,47.74,20.25,0.88,64.67,104,No Holiday
15,9,2023,5,22.74,63.34,25.52,20.06,0.62,53.99,76,No Holiday
16,9,2023,6,22.31,54.13,18.47,19.33,0.61,44.78,70,No Holiday
17,9,2023,7,19.48,48.5,17.27,18.78,0.5,42.02,42,Holiday
18,9,2023,1,16.52,45.2,22.01,18.85,0.51,36.58,48,No Holiday
19,9,2023,2,18.45,58.76,31.49,18.98,0.59,40.67,48,No Holiday
20,9,2023,3,29.74,97.33,30.28,19.12,0.75,56.04,83,No Holiday
21,9,2023,4,35.42,108.59,29.36,19.18,0.64,61.19,103,No Holiday
22,9,2023,5,40.27,109.3,28.37,19.5,0.67,64.54,102,No Holiday
23,9,2023,6,27.91,84.43,28.2,19.09,0.74,57.82,92,No Holiday
24,9,2023,7,40.25,122.12,28.2,19.27,0.98,52.99,106,Holiday
25,9,2023,1,41.91,129.0,28.2,19.36,0.76,32.47,103,No Holiday
26,9,2023,2,48.27,139.56,28.26,19.3,0.69,32.47,128,No Holiday
27,9,2023,3,39.5,123.55,28.34,19.14,0.59,60.1,111,No Holiday
28,9,2023,4,46.77,149.57,28.55,19.19,0.69,62.33,130,Holiday
29,9,2023,5,50.42,158.75,28.12,19.44,0.69,32.47,141,No Holiday
30,9,2023,6,51.66,162.72,28.15,19.47,0.67,32.47,145,No Holiday
1,10,2023,7,52.35,164.61,28.14,19.29,0.65,32.47,140,Holiday
2,10,2023,1,49.14,147.68,28.03,19.22,0.64,59.7,135,Holiday
3,10,2023,2,80.25,190.5,28.04,19.25,0.67,59.41,157,No Holiday
4,10,2023,3,67.47,213.4,27.98,19.32,0.71,32.47,178,No Holiday
5,10,2023,4,62.15,202.03,28.15,19.48,0.84,32.47,171,No Holiday
6,10,2023,5,77.25,243.12,28.33,19.49,1.14,65.62,192,No Holiday
7,10,2023,6,49.3,237.25,28.03,19.79,1.35,64.24,215,No Holiday
8,10,2023,7,54.65,199.79,28.07,19.77,0.97,63.94,178,Holiday
9,10,2023,1,58.12,215.52,28.23,19.87,1.03,63.36,170,No Holiday
10,10,2023,2,76.83,249.3,28.16,21.35,1.13,45.64,205,No Holiday
11,10,2023,3,61.42,182.46,28.23,21.72,0.62,17.97,176,No Holiday
12,10,2023,4,94.16,260.3,27.8,22.43,0.84,24.91,210,No Holiday
13,10,2023,5,117.87,342.32,30.49,23.87,1.05,35.52,283,No Holiday
14,10,2023,6,79.68,278.84,30.49,22.59,0.87,16.03,340,No Holiday
15,10,2023,7,65.83,234.15,30.49,21.84,0.73,15.81,414,Holiday
16,10,2023,1,47.14,171.28,30.49,20.99,0.5,9.9,403,No Holiday
17,10,2023,2,34.86,82.86,54.22,20.09,0.47,6.3,65,No Holiday
18,10,2023,3,33.47,100.45,71.6,21.29,0.44,5.47,106,No Holiday
19,10,2023,4,39.55,115.45,54.33,20.38,0.46,10.73,99,No Holiday
20,10,2023,5,58.73,179.71,45.91,19.83,0.66,14.48,159,No Holiday
21,10,2023,6,78.96,236.51,42.05,20.0,0.88,11.34,159,No Holiday
22,10,2023,7,90.63,235.77,37.96,20.2,1.08,18.44,219,Holiday
23,10,2023,1,78.33,217.91,26.18,20.11,0.85,15.02,193,No Holiday
24,10,2023,2,55.32,185.48,13.61,20.11,0.66,15.61,157,Holiday
25,10,2023,3,68.92,231.22,14.85,20.19,0.76,20.7,171,No Holiday
26,10,2023,4,64.53,210.26,14.65,20.25,0.78,15.9,193,No Holiday
27,10,2023,5,87.06,262.27,5.8,20.46,0.97,20.71,165,No Holiday
28,10,2023,6,103.13,304.69,20.05,18.86,1.28,19.16,217,No Holiday
29,10,2023,7,124.77,419.6,24.86,18.21,0.85,24.85,330,Holiday
30,10,2023,1,123.28,400.75,19.94,18.12,1.64,23.62,355,No Holiday
31,10,2023,2,126.34,420.52,21.21,18.38,0.85,22.56,356,No Holiday
1,11,2023,3,117.48,390.78,58.91,18.69,1.57,15.06,376,No Holiday
2,11,2023,4,163.13,544.57,78.11,19.63,0.85,13.2,372,No Holiday
3,11,2023,5,157.29,524.92,30.49,19.63,0.85,11.8,459,No Holiday
4,11,2023,6,161.2,510.58,72.08,19.7,0.85,12.32,383,No Holiday
5,11,2023,7,175.54,546.97,61.76,19.46,0.85,10.8,426,Holiday
6,11,2023,1,136.4,501.76,70.39,19.69,0.85,14.8,399,No Holiday
7,11,2023,2,149.64,508.3,74.98,19.92,0.85,11.77,403,No Holiday
8,11,2023,3,150.47,494.67,61.31,19.98,0.85,9.19,421,Holiday
9,11,2023,4,72.06,199.8,56.65,22.29,0.85,9.26,424,No Holiday
10,11,2023,5,62.15,188.34,34.14,23.7,1.14,8.24,270,No Holiday
11,11,2023,6,43.61,134.27,45.82,23.49,0.75,8.15,120,No Holiday
12,11,2023,7,93.1,179.24,58.78,23.9,0.89,8.73,133,Holiday
13,11,2023,1,148.91,372.64,30.49,24.9,1.36,8.01,300,No Holiday
14,11,2023,2,100.48,338.33,30.49,23.71,1.3,7.38,308,No Holiday
15,11,2023,3,125.53,436.19,30.49,23.84,1.52,7.94,347,Holiday
16,11,2023,4,162.14,199.8,30.49,24.03,0.85,8.31,403,No Holiday
17,11,2023,5,126.56,410.13,30.49,24.32,0.85,10.08,383,No Holiday
18,11,2023,6,83.67,294.93,30.49,25.38,1.68,8.6,255,No Holiday
19,11,2023,7,85.16,282.69,30.49,25.54,0.85,10.34,241,Holiday
20,11,2023,1,110.12,385.73,30.49,25.67,0.85,7.88,284,No Holiday
21,11,2023,2,132.42,423.11,30.49,25.46,1.43,9.65,346,No Holiday
22,11,2023,3,171.23,428.7,30.49,24.19,1.4,10.09,358,No Holiday
23,11,2023,4,131.55,467.33,30.49,23.67,0.85,10.71,378,No Holiday
24,11,2023,5,72.06,199.8,30.49,24.87,0.85,9.39,414,No Holiday
25,11,2023,6,151.17,388.46,30.49,25.53,0.85,6.3,324,No Holiday
26,11,2023,7,149.01,484.72,30.49,25.48,0.85,10.32,300,Holiday
27,11,2023,1,118.5,420.91,30.49,24.74,0.85,11.44,402,Holiday
28,11,2023,2,73.06,229.73,61.45,25.13,1.2,6.39,241,No Holiday
29,11,2023,3,87.44,302.04,53.13,24.76,1.6,8.17,197,No Holiday
30,11,2023,4,126.58,418.63,48.89,22.55,0.85,8.63,372,No Holiday
1,12,2023,5,96.97,337.64,41.15,19.67,1.23,8.98,271,No Holiday
2,12,2023,6,81.04,277.04,49.1,19.67,1.24,7.85,273,No Holiday
3,12,2023,7,85.65,318.97,41.45,19.87,1.39,4.83,257,Holiday
4,12,2023,1,86.75,308.78,44.07,20.03,1.22,7.87,284,No Holiday
5,12,2023,2,71.74,270.14,56.79,19.91,0.93,5.67,235,No Holiday
6,12,2023,3,80.77,316.54,54.92,20.06,1.19,17.01,239,No Holiday
7,12,2023,4,92.19,364.13,52.06,20.14,1.59,27.74,302,No Holiday
8,12,2023,5,132.68,328.85,60.73,20.15,1.23,31.92,308,No Holiday
9,12,2023,6,96.81,304.2,59.08,19.89,1.02,29.61,275,No Holiday
10,12,2023,7,72.52,258.8,65.07,20.03,1.04,29.76,210,Holiday
11,12,2023,1,89.85,332.01,66.1,20.25,1.06,30.63,280,No Holiday
12,12,2023,2,127.52,434.97,59.39,20.56,0.85,32.62,323,No Holiday
13,12,2023,3,124.13,402.41,55.55,20.8,1.62,29.85,369,No Holiday
14,12,2023,4,86.72,323.72,64.48,20.57,1.11,33.94,290,No Holiday
15,12,2023,5,98.79,337.67,64.84,20.81,1.27,40.85,289,No Holiday
16,12,2023,6,121.69,314.24,30.49,20.95,1.58,36.87,247,No Holiday
17,12,2023,7,90.06,345.78,75.39,20.91,1.43,27.95,179,Holiday
18,12,2023,1,77.88,285.03,70.47,21.01,1.03,29.25,268,No Holiday
19,12,2023,2,70.92,265.39,63.48,20.82,1.05,31.85,229,No Holiday
20,12,2023,3,119.99,308.74,30.49,21.0,1.28,32.81,238,No Holiday
21,12,2023,4,104.18,394.17,73.76,21.04,1.49,32.16,327,No Holiday
22,12,2023,5,139.5,420.59,30.49,21.9,0.85,33.22,359,No Holiday
23,12,2023,6,175.83,400.68,30.49,22.98,0.85,32.65,363,No Holiday
24,12,2023,7,137.21,400.57,30.49,23.31,0.85,32.24,363,Holiday
25,12,2023,1,113.02,400.43,30.49,23.14,1.4,32.19,363,Holiday
26,12,2023,2,106.1,397.15,69.8,22.48,1.48,31.01,356,No Holiday
27,12,2023,3,97.47,365.02,27.66,21.87,0.85,28.12,296,No Holiday
28,12,2023,4,90.16,266.07,32.1,21.99,1.07,28.37,261,No Holiday
29,12,2023,5,118.14,469.37,30.62,22.03,1.68,19.07,299,No Holiday
30,12,2023,6,98.49,395.9,34.12,21.92,1.37,19.13,390,No Holiday
31,12,2023,7,83.37,333.32,29.29,21.99,1.2,19.26,301,Holiday
1,1,2024,1,71.18,288.33,24.09,21.92,0.74,19.3,244,No Holiday
2,1,2024,2,76.61,290.95,26.95,22.19,0.64,20.15,259,No Holiday
3,1,2024,3,81.94,308.65,26.41,22.01,1.03,19.65,246,No Holiday
4,1,2024,4,86.58,349.36,21.61,22.18,1.02,19.19,324,No Holiday
5,1,2024,5,64.61,267.06,19.8,22.36,0.85,19.28,246,No Holiday
6,1,2024,6,78.21,319.32,20.7,22.47,0.8,19.64,220,No Holiday
7,1,2024,7,80.76,334.34,27.08,22.9,0.93,19.93,308,Holiday
8,1,2024,1,95.24,373.77,24.92,22.87,0.85,19.55,314,No Holiday
9,1,2024,2,52.82,212.74,20.55,22.8,0.69,19.65,254,No Holiday
10,1,2024,3,73.62,286.79,22.23,22.86,0.7,20.4,168,No Holiday
11,1,2024,4,99.72,356.85,29.89,21.9,1.0,25.8,314,No Holiday
12,1,2024,5,81.41,304.72,28.91,20.95,1.02,27.3,264,No Holiday
13,1,2024,6,127.48,492.05,36.16,21.31,1.58,27.36,348,No Holiday
14,1,2024,7,106.07,327.54,35.14,21.46,1.66,27.05,345,Holiday
15,1,2024,1,70.53,271.14,30.99,21.32,1.1,27.24,222,No Holiday
16,1,2024,2,125.14,451.87,48.65,21.62,0.85,28.02,331,No Holiday
17,1,2024,3,95.9,388.59,47.21,21.76,1.36,27.69,360,No Holiday
18,1,2024,4,95.82,374.84,42.41,22.18,1.19,27.17,313,No Holiday
19,1,2024,5,118.7,342.32,44.35,22.69,1.28,26.87,295,No Holiday
20,1,2024,6,79.2,324.13,40.61,22.07,0.88,27.45,276,No Holiday
21,1,2024,7,72.57,257.14,30.47,21.56,0.96,27.35,271,Holiday
22,1,2024,1,108.32,372.63,40.42,21.67,0.92,28.16,240,No Holiday
23,1,2024,2,115.04,429.22,45.74,22.03,1.23,27.73,378,No Holiday
24,1,2024,3,105.87,405.6,39.12,22.06,1.16,27.03,383,No Holiday
25,1,2024,4,80.42,278.84,31.23,21.27,1.0,26.88,242,No Holiday
26,1,2024,5,108.52,404.79,40.1,20.68,1.41,27.25,352,Holiday
27,1,2024,6,72.18,299.85,35.5,20.61,0.81,28.03,267,No Holiday
28,1,2024,7,128.46,468.87,54.04,21.03,1.5,27.75,343,Holiday
29,1,2024,1,122.47,471.32,46.09,21.21,1.26,27.04,383,No Holiday
30,1,2024,2,77.87,287.31,28.29,20.94,1.16,26.72,295,No Holiday
31,1,2024,3,95.45,328.24,36.78,21.63,1.63,26.71,277,No Holiday
1,2,2024,4,31.84,108.25,31.22,21.48,0.71,26.98,145,No Holiday
2,2,2024,5,44.56,160.64,19.75,21.54,0.91,26.78,131,No Holiday
3,2,2024,6,52.97,218.9,29.51,21.47,0.76,26.71,152,No Holiday
4,2,2024,7,54.29,199.46,29.1,21.64,0.92,26.69,209,Holiday
5,2,2024,1,37.31,142.31,22.29,21.72,0.49,26.81,136,No Holiday
6,2,2024,2,33.73,142.23,24.61,21.58,0.43,28.14,112,No Holiday
7,2,2024,3,42.73,176.83,27.71,21.51,0.45,32.23,166,No Holiday
8,2,2024,4,42.68,168.67,27.05,21.7,0.46,31.97,172,No Holiday
9,2,2024,5,45.43,178.41,33.32,21.86,0.52,28.36,155,No Holiday
10,2,2024,6,102.56,324.04,43.5,22.07,0.91,28.82,253,No Holiday
11,2,2024,7,57.57,273.84,36.16,22.03,0.63,28.8,247,Holiday
12,2,2024,1,78.2,300.65,41.68,22.57,0.74,27.43,228,No Holiday
13,2,2024,2,105.22,417.5,33.9,23.06,1.11,26.59,336,No Holiday
14,2,2024,3,98.06,369.58,38.95,22.97,1.02,27.29,324,No Holiday
15,2,2024,4,73.63,296.8,40.37,23.15,0.77,28.9,234,No Holiday
16,2,2024,5,64.35,264.88,41.3,23.26,0.71,28.82,245,No Holiday
17,2,2024,6,65.88,265.95,42.98,23.5,0.7,30.16,220,No Holiday
18,2,2024,7,80.42,323.0,58.36,24.17,1.66,27.38,287,Holiday
19,2,2024,1,60.72,284.13,52.67,23.83,0.66,32.15,241,No Holiday
20,2,2024,2,152.51,267.95,44.29,24.34,0.76,27.76,219,No Holiday
21,2,2024,3,51.62,195.52,29.07,24.21,0.62,28.14,200,No Holiday
22,2,2024,4,41.13,158.72,31.17,24.65,0.44,28.71,146,No Holiday
23,2,2024,5,41.39,170.18,34.98,25.07,0.4,28.76,137,No Holiday
24,2,2024,6,54.35,217.67,39.03,25.35,0.56,29.45,175,No Holiday
25,2,2024,7,51.36,193.05,42.12,25.6,0.52,28.32,178,Holiday
26,2,2024,1,53.72,208.96,43.78,25.87,0.5,30.47,161,No Holiday
27,2,2024,2,37.0,135.02,39.12,25.75,0.45,29.74,150,No Holiday
28,2,2024,3,37.13,148.66,35.62,25.76,0.45,29.88,144,No Holiday
29,2,2024,4,43.28,167.64,38.41,26.58,0.49,29.55,138,No Holiday
1,3,2024,5,63.57,236.03,53.2,26.69,0.81,33.53,192,No Holiday
2,3,2024,6,20.62,88.07,36.47,26.26,0.42,29.67,111,No Holiday
3,3,2024,7,42.75,177.31,26.01,26.18,0.34,28.86,126,Holiday
4,3,2024,1,46.01,134.41,27.51,22.96,0.42,30.43,140,No Holiday
5,3,2024,2,32.29,124.45,25.61,21.0,0.48,33.69,119,No Holiday
6,3,2024,3,35.44,144.44,26.61,21.0,0.56,30.6,121,No Holiday
7,3,2024,4,39.2,161.43,30.67,21.29,0.63,33.31,143,No Holiday
8,3,2024,5,42.02,164.19,30.47,21.52,0.59,36.94,149,Holiday
9,3,2024,6,38.21,137.57,26.92,21.49,0.52,34.86,124,No Holiday
10,3,2024,7,66.15,181.71,30.22,21.63,0.66,31.11,143,Holiday
11,3,2024,1,76.01,211.71,34.02,21.78,0.82,35.36,175,No Holiday
12,3,2024,2,72.79,187.56,28.53,21.92,0.7,39.58,170,No Holiday
13,3,2024,3,76.89,213.65,29.48,21.97,0.78,34.42,173,No Holiday
14,3,2024,4,72.07,192.86,28.96,22.29,0.73,40.57,170,No Holiday
15,3,2024,5,53.91,154.0,23.63,22.09,0.49,37.75,133,No Holiday
16,3,2024,6,65.62,172.51,27.06,22.29,0.58,38.8,158,No Holiday
17,3,2024,7,81.21,218.49,27.77,22.2,0.69,34.98,179,Holiday
18,3,2024,1,88.8,246.58,28.33,22.4,0.75,34.18,217,No Holiday
19,3,2024,2,136.11,304.75,32.55,22.65,0.95,31.97,264,No Holiday
20,3,2024,3,108.1,268.26,32.93,22.81,0.85,37.18,242,No Holiday
21,3,2024,4,82.11,197.74,34.31,22.78,0.8,38.02,170,No Holiday
22,3,2024,5,81.8,193.7,33.85,22.84,0.87,50.3,147,No Holiday
23,3,2024,6,94.37,232.26,27.84,22.86,0.85,40.47,233,No Holiday
24,3,2024,7,93.02,237.57,23.32,22.93,0.68,36.57,207,Holiday
25,3,2024,1,83.81,185.35,19.26,23.15,0.74,37.95,193,Holiday
26,3,2024,2,68.2,149.41,20.65,23.19,0.61,39.49,108,No Holiday
27,3,2024,3,74.56,170.6,20.34,23.61,0.81,43.59,175,No Holiday
28,3,2024,4,70.45,157.24,19.36,23.82,0.59,51.82,138,No Holiday
29,3,2024,5,98.41,227.94,10.69,25.27,0.96,27.97,189,Holiday
30,3,2024,6,82.81,195.04,10.36,26.25,1.05,69.12,176,No Holiday
31,3,2024,7,81.63,198.64,7.14,26.14,0.93,58.41,222,Holiday
1,4,2024,1,55.38,135.4,6.66,25.97,0.6,42.98,120,No Holiday
2,4,2024,2,74.54,181.94,9.52,25.85,0.65,42.76,145,No Holiday
3,4,2024,3,97.29,229.66,14.65,26.29,0.87,59.09,146,No Holiday
4,4,2024,4,67.26,174.75,12.76,26.34,0.68,52.26,159,No Holiday
5,4,2024,5,66.6,172.58,11.18,26.87,0.63,50.86,161,No Holiday
6,4,2024,6,76.92,199.97,12.01,26.39,0.65,52.36,167,No Holiday
7,4,2024,7,129.98,358.42,16.13,26.96,1.28,29.7,229,Holiday
8,4,2024,1,79.64,248.75,11.45,26.27,0.56,32.47,212,No Holiday
9,4,2024,2,80.33,209.65,17.74,26.89,0.9,56.1,203,No Holiday
10,4,2024,3,125.24,347.63,17.27,28.4,1.26,67.4,242,No Holiday
11,4,2024,4,111.56,299.64,11.89,28.13,1.4,68.87,269,Holiday
12,4,2024,5,117.36,307.13,14.29,29.8,1.23,46.89,230,No Holiday
13,4,2024,6,71.35,202.41,12.02,27.64,1.0,68.71,195,No Holiday
14,4,2024,7,47.93,121.73,9.4,27.72,0.67,41.3,130,Holiday
15,4,2024,1,91.4,208.54,9.69,28.3,0.95,32.47,240,No Holiday
16,4,2024,2,110.81,330.39,10.23,28.46,1.17,64.89,268,No Holiday
17,4,2024,3,111.72,199.8,7.82,28.44,0.49,32.47,367,Holiday
18,4,2024,4,69.16,179.04,8.01,28.7,0.57,68.78,178,No Holiday
19,4,2024,5,90.05,243.93,8.54,28.76,0.77,51.72,177,No Holiday
20,4,2024,6,74.17,194.12,5.48,28.71,0.56,32.47,194,No Holiday
21,4,2024,7,51.68,136.82,4.82,28.32,0.49,32.47,131,Holiday
22,4,2024,1,41.15,113.59,4.74,28.1,0.51,32.47,106,No Holiday
23,4,2024,2,93.78,263.09,7.07,29.37,0.73,32.47,233,No Holiday
24,4,2024,3,106.91,194.36,7.55,28.96,0.9,32.47,214,No Holiday
25,4,2024,4,88.55,248.08,6.56,31.63,0.79,32.47,204,No Holiday
26,4,2024,5,73.65,194.4,8.13,29.53,0.8,32.47,223,No Holiday
27,4,2024,6,82.34,230.87,6.06,28.99,0.64,32.47,173,No Holiday
28,4,2024,7,64.9,167.4,5.1,29.41,0.62,32.47,222,Holiday
29,4,2024,1,94.34,244.66,6.1,30.67,0.71,32.47,218,No Holiday
30,4,2024,2,75.9,204.31,5.12,30.0,0.63,32.47,178,No Holiday
1,5,2024,3,77.86,226.19,5.08,30.0,0.57,32.47,191,No Holiday
2,5,2024,4,94.57,239.55,20.93,30.73,0.72,32.47,191,No Holiday
3,5,2024,5,127.5,448.43,27.06,33.22,0.95,32.47,301,No Holiday
4,5,2024,6,122.0,356.84,36.93,35.75,1.28,32.47,281,No Holiday
5,5,2024,7,153.83,427.0,35.82,39.64,1.7,32.47,294,Holiday
6,5,2024,1,121.52,293.6,29.25,33.11,1.0,32.47,248,No Holiday
7,5,2024,2,157.49,369.89,29.94,33.33,1.42,32.47,310,No Holiday
8,5,2024,3,103.65,249.75,21.28,29.76,1.0,32.47,248,No Holiday
9,5,2024,4,86.88,180.25,14.5,29.87,0.82,32.47,180,No Holiday
10,5,2024,5,115.57,213.91,13.6,32.73,0.82,32.47,210,No Holiday
11,5,2024,6,118.86,313.12,7.46,28.01,0.34,32.47,300,No Holiday
12,5,2024,7,95.0,191.29,7.78,29.78,0.57,32.47,174,Holiday
13,5,2024,1,114.96,245.56,10.94,30.48,0.67,62.08,254,No Holiday
14,5,2024,2,134.94,314.93,18.2,31.12,0.75,30.77,258,No Holiday
15,5,2024,3,156.45,321.92,26.59,35.44,1.2,39.86,298,No Holiday
16,5,2024,4,126.34,280.51,27.22,31.57,1.16,35.71,259,No Holiday
17,5,2024,5,108.1,243.44,26.87,30.01,0.93,34.19,249,No Holiday
18,5,2024,6,133.35,284.89,33.85,33.22,0.7,38.31,291,No Holiday
19,5,2024,7,114.26,256.32,31.49,32.97,0.56,34.34,244,Holiday
20,5,2024,1,158.03,366.53,30.4,33.13,0.54,36.09,279,No Holiday
21,5,2024,2,125.18,288.44,31.5,31.01,1.18,29.09,275,No Holiday
22,5,2024,3,95.22,201.08,34.0,30.52,0.85,28.28,227,No Holiday
23,5,2024,4,75.15,154.37,31.13,30.25,1.08,28.01,158,Holiday
24,5,2024,5,75.25,148.72,30.11,30.53,0.57,29.42,138,No Holiday
25,5,2024,6,84.83,178.63,30.42,31.13,0.58,29.5,197,No Holiday
26,5,2024,7,91.93,198.16,29.25,34.03,0.54,30.34,184,Holiday
27,5,2024,1,120.85,244.94,28.39,33.09,0.93,32.36,251,No Holiday
28,5,2024,2,127.62,282.7,27.45,33.88,1.28,37.17,265,No Holiday
29,5,2024,3,103.57,231.0,28.57,31.59,0.66,32.63,229,No Holiday
30,5,2024,4,81.19,244.07,31.15,30.6,0.61,42.61,150,No Holiday
31,5,2024,5,97.29,322.16,31.3,34.41,0.67,32.47,256,No Holiday
1,6,2024,6,138.23,384.78,30.11,34.62,0.56,61.55,273,No Holiday
2,6,2024,7,59.75,180.47,28.53,33.23,0.74,32.47,180,Holiday
3,6,2024,1,72.46,176.55,28.08,34.13,0.82,32.47,162,No Holiday
4,6,2024,2,100.2,321.78,29.47,33.24,1.09,32.47,214,No Holiday
5,6,2024,3,174.68,385.98,26.75,33.55,0.84,61.52,287,No Holiday
6,6,2024,4,95.89,192.09,28.02,32.8,0.76,32.47,210,No Holiday
7,6,2024,5,79.87,283.4,27.39,33.96,0.72,32.47,214,No Holiday
8,6,2024,6,63.06,240.76,27.02,35.63,0.77,32.47,232,No Holiday
9,6,2024,7,60.8,163.39,27.16,36.19,0.78,32.47,146,Holiday
10,6,2024,1,59.48,154.34,40.46,36.31,0.8,32.47,127,No Holiday
11,6,2024,2,116.26,488.18,30.49,43.89,1.03,32.47,290,No Holiday
12,6,2024,3,84.83,242.7,30.49,40.23,1.02,32.47,207,No Holiday
13,6,2024,4,88.39,227.61,30.49,37.29,0.8,32.47,181,No Holiday
14,6,2024,5,119.33,292.07,20.66,34.18,0.67,65.9,191,No Holiday
15,6,2024,6,75.45,209.51,20.72,34.55,0.71,66.45,225,No Holiday
16,6,2024,7,78.72,214.94,20.82,36.78,0.83,64.98,186,Holiday
17,6,2024,1,73.52,190.0,20.71,38.74,0.84,62.7,163,Holiday
18,6,2024,2,119.43,341.42,20.47,37.67,0.83,50.85,201,No Holiday
19,6,2024,3,136.96,376.58,40.48,35.17,0.76,51.81,353,No Holiday
20,6,2024,4,54.47,126.55,51.43,33.14,0.82,32.47,173,No Holiday
21,6,2024,5,75.64,182.23,52.63,33.03,1.11,52.8,163,No Holiday
22,6,2024,6,84.39,172.96,54.91,32.99,1.33,56.11,169,No Holiday
23,6,2024,7,76.36,145.92,54.21,33.04,1.23,59.68,155,Holiday
24,6,2024,1,62.69,127.83,52.71,33.27,1.18,55.03,116,No Holiday
25,6,2024,2,83.78,149.67,52.5,33.84,1.24,53.22,158,No Holiday
26,6,2024,3,60.63,111.43,52.0,34.95,1.13,40.56,146,No Holiday
27,6,2024,4,45.35,68.22,49.09,34.34,0.89,29.85,75,No Holiday
28,6,2024,5,72.06,305.14,55.51,36.08,1.12,34.26,192,No Holiday
29,6,2024,6,72.06,391.0,52.22,35.74,1.23,28.38,192,No Holiday
30,6,2024,7,58.0,149.27,49.06,35.04,1.0,31.46,186,Holiday
1,7,2024,1,55.0,85.25,49.12,35.33,0.82,30.33,85,No Holiday
2,7,2024,2,37.15,129.17,48.37,35.84,0.9,30.18,128,No Holiday
3,7,2024,3,31.87,131.83,48.71,35.07,1.02,30.14,122,No Holiday
4,7,2024,4,39.3,89.27,47.7,35.15,0.9,30.15,60,No Holiday
5,7,2024,5,22.78,62.75,46.9,35.32,0.85,30.4,88,No Holiday
6,7,2024,6,14.74,123.29,46.63,35.41,0.78,30.36,64,No Holiday
7,7,2024,7,11.53,77.71,45.99,35.66,0.68,30.22,76,Holiday
8,7,2024,1,14.12,81.54,46.24,35.67,0.69,30.27,58,No Holiday
9,7,2024,2,50.66,121.38,53.32,35.86,1.18,30.2,105,No Holiday
10,7,2024,3,62.21,178.49,54.44,35.96,0.85,30.56,140,No Holiday
11,7,2024,4,34.43,120.46,50.73,36.0,1.09,31.76,108,No Holiday
12,7,2024,5,24.39,100.11,48.13,35.98,0.74,37.25,99,No Holiday
13,7,2024,6,27.19,98.64,49.9,36.22,0.95,40.64,96,No Holiday
14,7,2024,7,33.96,108.45,49.54,36.35,1.01,40.7,97,Holiday
15,7,2024,1,22.2,40.0,48.38,36.37,0.93,40.5,61,No Holiday
16,7,2024,2,29.96,72.82,46.26,36.63,0.9,40.61,58,No Holiday
17,7,2024,3,21.48,74.96,46.98,36.57,0.81,40.6,77,Holiday
18,7,2024,4,23.33,84.65,48.2,36.61,1.0,40.69,71,No Holiday
19,7,2024,5,31.92,106.91,50.23,37.43,1.17,40.73,98,No Holiday
20,7,2024,6,29.1,113.3,48.95,38.25,0.95,40.78,61,No Holiday
21,7,2024,7,26.59,91.06,47.88,38.62,0.91,40.86,95,Holiday
22,7,2024,1,18.62,66.9,47.46,37.71,0.92,48.36,72,No Holiday
23,7,2024,2,27.54,81.92,49.68,33.05,0.92,55.73,75,No Holiday
24,7,2024,3,23.78,78.8,47.51,28.85,0.66,23.67,71,No Holiday
25,7,2024,4,25.12,75.27,45.17,37.6,0.61,55.5,90,No Holiday
26,7,2024,5,29.09,86.08,34.46,37.42,0.65,36.08,66,No Holiday
27,7,2024,6,26.31,95.5,33.88,36.42,0.67,29.93,110,No Holiday
28,7,2024,7,20.81,76.48,33.92,36.31,0.62,28.52,72,Holiday
29,7,2024,1,24.23,79.56,35.94,36.26,0.54,50.37,73,No Holiday
30,7,2024,2,26.71,95.99,33.47,35.57,0.57,39.85,93,No Holiday
31,7,2024,3,23.45,83.63,33.17,36.39,0.52,47.8,95,No Holiday
1,8,2024,4,10.9,44.1,33.52,36.84,0.56,46.13,55,No Holiday
2,8,2024,5,20.71,69.78,34.2,36.97,0.63,42.62,72,No Holiday
3,8,2024,6,18.74,61.84,35.11,37.14,0.52,33.3,62,No Holiday
4,8,2024,7,14.39,52.32,33.61,37.08,0.46,29.08,60,Holiday
5,8,2024,1,13.15,49.18,33.04,37.03,0.45,35.48,46,No Holiday
6,8,2024,2,15.28,49.9,34.9,37.35,0.48,35.45,50,No Holiday
7,8,2024,3,11.7,39.39,35.57,36.78,0.48,29.37,47,No Holiday
8,8,2024,4,14.64,55.45,34.93,36.33,0.51,29.81,54,No Holiday
9,8,2024,5,13.89,50.56,33.62,35.61,0.5,32.32,52,No Holiday
10,8,2024,6,17.06,62.46,35.28,35.75,0.57,29.54,58,No Holiday
11,8,2024,7,9.61,35.52,36.42,35.81,0.55,25.86,47,Holiday
12,8,2024,1,13.45,44.33,35.31,34.65,0.47,26.16,45,No Holiday
13,8,2024,2,14.49,42.72,41.39,35.34,0.59,31.71,50,No Holiday
14,8,2024,3,24.66,72.63,43.01,45.61,0.7,32.13,57,No Holiday
15,8,2024,4,15.97,57.11,44.38,35.05,0.62,27.99,68,Holiday
16,8,2024,5,15.37,45.43,44.28,36.21,0.5,27.77,55,No Holiday
17,8,2024,6,13.74,59.91,46.1,35.45,0.6,29.61,58,No Holiday
18,8,2024,7,0.05,63.19,44.26,34.67,0.58,26.63,67,Holiday
19,8,2024,1,0.05,52.55,43.72,35.36,0.56,24.83,58,No Holiday
20,8,2024,2,20.47,43.14,43.62,36.12,0.55,27.09,55,No Holiday
21,8,2024,3,10.62,67.21,43.56,36.0,0.54,29.75,59,No Holiday
22,8,2024,4,22.3,71.42,43.23,36.64,0.52,30.64,77,No Holiday
23,8,2024,5,13.71,53.82,42.17,35.83,0.55,28.32,63,No Holiday
24,8,2024,6,22.21,40.0,43.35,35.82,0.64,30.42,55,No Holiday
25,8,2024,7,15.18,69.35,40.45,36.39,0.53,34.6,51,Holiday
26,8,2024,1,18.7,65.53,41.97,37.89,0.52,32.8,65,Holiday
27,8,2024,2,13.17,52.0,41.81,36.99,0.51,31.38,55,No Holiday
28,8,2024,3,12.69,49.17,43.07,37.83,0.56,29.94,54,No Holiday
29,8,2024,4,17.9,53.32,48.45,37.65,0.69,29.83,56,No Holiday
30,8,2024,5,34.21,127.86,51.89,38.86,0.82,31.49,107,No Holiday
31,8,2024,6,20.83,72.92,42.14,39.56,0.56,25.27,82,No Holiday
1,9,2024,7,19.86,70.78,41.2,39.01,0.55,28.19,68,Holiday
2,9,2024,1,20.73,81.61,43.19,38.4,0.6,19.45,73,No Holiday
3,9,2024,2,24.91,94.23,42.87,45.7,0.6,17.86,98,No Holiday
4,9,2024,3,13.79,48.6,43.45,15.43,0.61,16.85,66,No Holiday
5,9,2024,4,20.25,83.77,43.29,15.43,0.65,28.52,66,No Holiday
6,9,2024,5,20.73,83.24,45.21,15.43,0.68,22.49,97,No Holiday
7,9,2024,6,14.57,58.85,42.02,15.43,0.54,25.89,70,No Holiday
8,9,2024,7,20.18,79.75,41.14,15.43,0.62,23.83,68,Holiday
9,9,2024,1,25.25,87.97,42.89,15.43,0.65,23.6,88,No Holiday
10,9,2024,2,23.61,84.44,45.25,15.43,0.66,26.52,91,No Holiday
11,9,2024,3,18.22,59.87,44.96,15.43,0.61,21.98,66,No Holiday
12,9,2024,4,10.48,29.85,48.19,35.34,0.33,22.76,59,No Holiday
13,9,2024,5,9.05,28.3,17.28,36.61,0.36,24.35,45,No Holiday
14,9,2024,6,18.02,69.43,13.07,38.49,0.36,23.89,50,No Holiday
15,9,2024,7,22.27,95.03,24.92,38.54,0.41,23.24,86,Holiday
16,9,2024,1,32.06,135.17,42.69,39.29,0.48,22.25,110,Holiday
17,9,2024,2,41.81,151.99,42.71,39.9,0.62,23.8,144,No Holiday
18,9,2024,3,23.14,89.24,36.47,38.84,0.52,22.1,116,No Holiday
19,9,2024,4,22.65,76.59,34.49,39.19,0.5,25.02,48,No Holiday
20,9,2024,5,22.15,102.82,42.55,40.17,0.58,24.3,96,No Holiday
21,9,2024,6,28.07,134.54,39.37,40.61,0.54,36.27,110,No Holiday
22,9,2024,7,32.31,181.02,35.68,41.64,0.47,27.28,196,Holiday
23,9,2024,1,48.77,207.37,47.71,15.43,0.48,18.59,167,No Holiday
24,9,2024,2,73.68,177.62,30.49,15.43,0.53,28.32,146,No Holiday
25,9,2024,3,56.54,208.24,42.72,39.75,0.65,20.95,190,No Holiday
26,9,2024,4,21.46,79.34,37.3,40.23,0.44,18.73,96,No Holiday
27,9,2024,5,16.78,67.44,41.15,40.23,0.4,17.76,72,No Holiday
28,9,2024,6,17.22,66.29,35.21,40.09,0.34,20.35,62,No Holiday
29,9,2024,7,21.07,76.13,34.51,41.16,0.37,18.7,66,Holiday
30,9,2024,1,36.45,145.96,34.01,41.5,0.43,19.12,125,No Holiday
1,10,2024,2,43.28,173.74,37.98,41.38,0.45,22.37,136,No Holiday
2,10,2024,3,46.89,194.03,47.56,42.69,0.61,16.56,162,Holiday
3,10,2024,4,42.74,174.49,45.52,41.37,0.5,26.87,156,No Holiday
4,10,2024,5,49.71,191.81,52.03,42.0,0.57,31.99,174,No Holiday
5,10,2024,6,31.53,135.43,44.8,41.82,0.44,31.67,123,No Holiday
6,10,2024,7,35.06,141.96,46.27,41.56,0.42,32.54,136,Holiday
7,10,2024,1,32.6,126.42,44.17,42.23,0.39,30.17,109,No Holiday
8,10,2024,2,45.7,182.41,47.48,42.74,0.45,30.12,150,No Holiday
9,10,2024,3,38.47,125.69,39.46,41.44,0.38,43.15,71,No Holiday
10,10,2024,4,38.41,143.53,39.37,40.79,0.37,40.89,116,No Holiday
11,10,2024,5,37.67,165.87,35.55,39.34,0.4,31.9,151,No Holiday
12,10,2024,6,43.78,190.88,38.04,39.48,0.47,31.87,162,Holiday
13,10,2024,7,63.38,259.97,42.17,39.39,0.75,31.73,171,Holiday
14,10,2024,1,41.42,197.37,40.25,41.16,0.38,38.76,180,No Holiday
15,10,2024,2,62.29,254.67,43.23,41.91,0.63,34.62,189,No Holiday
16,10,2024,3,64.87,275.31,46.13,44.82,0.77,28.4,227,No Holiday
17,10,2024,4,84.94,319.32,53.36,15.43,0.98,30.78,291,No Holiday
18,10,2024,5,94.63,358.14,67.09,15.43,1.3,27.77,320,No Holiday
19,10,2024,6,80.8,290.52,57.74,15.43,0.99,30.53,252,No Holiday
20,10,2024,7,82.89,308.86,45.74,15.43,0.91,22.91,256,Holiday
21,10,2024,1,80.43,297.37,38.56,15.43,0.85,23.24,239,No Holiday
22,10,2024,2,97.62,337.68,45.57,15.43,0.96,24.08,307,No Holiday
23,10,2024,3,101.62,355.09,34.92,15.43,0.92,28.1,300,No Holiday
24,10,2024,4,70.34,252.26,33.3,15.43,0.76,34.04,225,No Holiday
25,10,2024,5,66.3,256.32,34.9,15.43,0.74,37.99,229,No Holiday
26,10,2024,6,97.53,315.31,37.74,15.43,0.85,44.42,228,No Holiday
27,10,2024,7,117.78,371.78,61.47,15.43,1.37,44.82,323,Holiday
28,10,2024,1,85.48,264.15,47.52,15.43,0.91,44.31,236,No Holiday
29,10,2024,2,86.22,281.09,58.58,44.9,1.06,41.74,234,No Holiday
30,10,2024,3,117.66,343.83,61.66,42.74,1.05,40.17,298,No Holiday
31,10,2024,4,115.05,314.05,34.67,43.49,1.02,37.12,268,Holiday
1,11,2024,5,126.23,336.84,29.76,43.65,0.83,32.24,275,No Holiday
2,11,2024,6,106.27,304.82,42.6,43.85,0.9,32.29,258,No Holiday
3,11,2024,7,104.28,311.28,39.59,43.8,0.91,32.29,275,Holiday
4,11,2024,1,138.9,393.53,47.7,15.43,1.02,51.05,326,No Holiday
5,11,2024,2,181.54,457.6,30.49,15.43,1.53,52.02,337,No Holiday
6,11,2024,3,130.42,418.21,72.28,15.43,1.55,9.85,355,No Holiday
7,11,2024,4,152.0,497.53,73.67,15.43,0.85,11.89,394,No Holiday
8,11,2024,5,140.67,430.89,59.06,15.43,1.6,22.4,386,No Holiday
9,11,2024,6,120.56,388.44,46.41,15.43,1.19,32.24,319,No Holiday
10,11,2024,7,109.99,373.0,38.11,15.0,0.78,23.97,334,Holiday
11,11,2024,1,152.22,418.02,47.61,15.43,0.92,37.59,330,No Holiday
12,11,2024,2,120.36,343.11,39.27,15.43,0.76,27.14,347,No Holiday
13,11,2024,3,138.22,428.21,30.1,15.43,1.06,23.7,369,No Holiday
14,11,2024,4,150.16,467.72,43.32,15.43,1.47,24.26,381,No Holiday
15,11,2024,5,160.88,495.31,47.75,15.43,1.16,26.78,421,Holiday
16,11,2024,6,72.06,199.8,47.62,15.43,1.53,24.99,391,No Holiday
17,11,2024,7,182.69,199.8,48.73,15.43,0.85,22.67,391,Holiday
18,11,2024,1,72.06,199.8,45.09,15.43,0.85,29.78,468,No Holiday
19,11,2024,2,169.27,199.8,33.1,15.43,0.86,28.31,453,No Holiday
20,11,2024,3,138.63,457.35,37.89,15.43,1.09,32.54,403,No Holiday
21,11,2024,4,119.66,432.46,42.33,15.43,0.85,35.28,354,No Holiday
22,11,2024,5,148.33,520.55,45.66,15.43,0.85,35.82,392,No Holiday
23,11,2024,6,127.97,454.23,51.62,15.43,0.85,30.12,394,No Holiday
24,11,2024,7,92.24,331.67,44.93,15.43,0.85,31.83,297,Holiday
25,11,2024,1,132.24,459.87,36.21,15.43,1.45,34.92,365,No Holiday
26,11,2024,2,93.03,318.38,32.67,15.43,1.17,35.56,315,No Holiday
27,11,2024,3,81.01,294.8,32.29,15.43,1.22,34.98,241,No Holiday
28,11,2024,4,98.24,337.09,39.33,15.43,1.42,32.77,293,No Holiday
29,11,2024,5,128.93,428.59,55.69,15.43,0.85,39.52,316,No Holiday
30,11,2024,6,118.79,427.27,60.7,15.43,0.85,34.05,351,No Holiday
1,12,2024,7,74.84,285.99,53.01,15.43,1.34,32.44,285,Holiday
2,12,2024,1,77.27,291.8,53.33,15.43,1.33,39.1,220,No Holiday
3,12,2024,2,72.05,277.28,50.31,15.43,1.29,45.2,274,No Holiday
4,12,2024,3,45.29,182.91,41.34,15.43,0.74,42.53,166,No Holiday
5,12,2024,4,49.4,193.15,45.35,15.43,0.77,40.96,155,No Holiday
6,12,2024,5,55.49,222.89,50.54,15.43,0.96,43.59,184,No Holiday
7,12,2024,6,61.06,251.34,57.16,15.43,1.17,28.76,206,No Holiday
8,12,2024,7,100.48,345.03,74.52,15.43,1.6,46.6,302,Holiday
9,12,2024,1,48.64,167.16,45.01,15.43,0.79,46.66,152,No Holiday
10,12,2024,2,60.03,208.64,39.02,15.43,0.79,37.99,163,No Holiday
11,12,2024,3,56.3,223.56,41.92,15.43,0.87,26.55,171,No Holiday
12,12,2024,4,77.01,297.75,48.59,15.43,1.1,26.56,273,No Holiday
13,12,2024,5,60.57,225.21,40.4,15.43,0.79,30.59,201,No Holiday
14,12,2024,6,74.03,278.47,45.4,15.43,1.01,33.46,175,No Holiday
15,12,2024,7,105.21,379.62,60.5,15.43,1.44,34.37,293,Holiday
16,12,2024,1,161.17,199.8,72.29,15.43,0.85,29.15,390,No Holiday
17,12,2024,2,168.01,199.8,30.49,15.43,0.85,28.91,442,No Holiday
18,12,2024,3,167.79,199.8,64.93,15.43,0.85,32.59,441,No Holiday
19,12,2024,4,136.81,199.8,48.65,15.43,0.85,34.59,460,No Holiday
20,12,2024,5,125.73,435.96,41.43,15.43,1.18,29.82,382,No Holiday
21,12,2024,6,96.36,379.74,57.59,15.43,1.59,30.55,333,No Holiday
22,12,2024,7,135.05,507.69,68.82,15.43,0.85,31.43,392,Holiday
23,12,2024,1,136.27,506.57,63.35,15.43,0.85,30.7,418,No Holiday
24,12,2024,2,88.98,327.4,49.58,15.43,1.29,32.15,303,No Holiday
25,12,2024,3,86.53,344.46,52.68,15.43,1.34,29.75,309,Holiday
26,12,2024,4,86.75,333.56,52.0,15.43,1.18,36.3,292,No Holiday
27,12,2024,5,58.43,249.17,41.69,15.43,0.99,36.25,263,No Holiday
28,12,2024,6,33.83,150.77,33.31,15.43,0.79,35.19,113,No Holiday
29,12,2024,7,31.21,139.75,27.01,15.43,0.57,35.88,142,Holiday
30,12,2024,1,38.01,152.83,29.12,15.43,0.55,38.38,116,No Holiday
31,12,2024,2,80.42,318.96,40.37,15.43,0.84,39.93,209,No Holiday
